column,folder,suffix,biweek,path,inventory_status,match_count,status,error_type,error_message,driver,width,height,count,dtype,crs,nodata,finite_pixels,min_value,max_value
ndvi_minimo_bisemanal,minimo_bisemanal,min,1,D:\GeoTIFF NDVI\minimo_bisemanal\ndvi_arica_y_parinacota_2024_BI01_min.tif,FOUND,1,OK,,,GTiff,15714,19310,1,float32,EPSG:32719,-inf,296534495,-1.0,1.0
ndvi_minimo_bisemanal,minimo_bisemanal,min,2,D:\GeoTIFF NDVI\minimo_bisemanal\ndvi_arica_y_parinacota_2024_BI02_min.tif,FOUND,1,OK,,,GTiff,15714,19310,1,float32,EPSG:32719,-inf,293322087,-1.0,1.0
ndvi_minimo_bisemanal,minimo_bisemanal,min,3,D:\GeoTIFF NDVI\minimo_bisemanal\ndvi_arica_y_parinacota_2024_BI03_min.tif,FOUND,1,OK,,,GTiff,15714,19310,1,float32,EPSG:32719,-inf,292830589,-1.0,1.0
ndvi_minimo_bisemanal,minimo_bisemanal,min,4,D:\GeoTIFF NDVI\minimo_bisemanal\ndvi_arica_y_parinacota_2024_BI04_min.tif,FOUND,1,OK,,,GTiff,15714,19310,1,float32,EPSG:32719,-inf,173266979,-0.9903846383094788,0.9149302840232849
ndvi_minimo_bisemanal,minimo_bisemanal,min,5,D:\GeoTIFF NDVI\minimo_bisemanal\ndvi_arica_y_parinacota_2024_BI05_min.tif,FOUND,1,OK,,,GTiff,15714,19310,1,float32,EPSG:32719,-inf,81971483,-1.0,1.0
ndvi_minimo_bisemanal,minimo_bisemanal,min,6,D:\GeoTIFF NDVI\minimo_bisemanal\ndvi_arica_y_parinacota_2024_BI06_min.tif,FOUND,1,OK,,,GTiff,15714,19310,1,float32,EPSG:32719,-inf,299146507,-1.0,0.9383458495140076
ndvi_minimo_bisemanal,minimo_bisemanal,min,7,D:\GeoTIFF NDVI\minimo_bisemanal\ndvi_arica_y_parinacota_2024_BI07_min.tif,FOUND,1,OK,,,GTiff,15714,19310,1,float32,EPSG:32719,-inf,297463096,-1.0,1.0
ndvi_minimo_bisemanal,minimo_bisemanal,min,8,D:\GeoTIFF NDVI\minimo_bisemanal\ndvi_arica_y_parinacota_2024_BI08_min.tif,FOUND,1,OK,,,GTiff,15714,19310,1,float32,EPSG:32719,-inf,299960620,-1.0,1.0
ndvi_minimo_bisemanal,minimo_bisemanal,min,9,D:\GeoTIFF NDVI\minimo_bisemanal\ndvi_arica_y_parinacota_2024_BI09_min.tif,FOUND,1,OK,,,GTiff,15714,19310,1,float32,EPSG:32719,-inf,300111137,-1.0,1.0
ndvi_minimo_bisemanal,minimo_bisemanal,min,10,D:\GeoTIFF NDVI\minimo_bisemanal\ndvi_arica_y_parinacota_2024_BI10_min.tif,FOUND,1,OK,,,GTiff,15714,19310,1,float32,EPSG:32719,-inf,290407466,-1.0,0.9333693385124207
ndvi_minimo_bisemanal,minimo_bisemanal,min,11,D:\GeoTIFF NDVI\minimo_bisemanal\ndvi_arica_y_parinacota_2024_BI11_min.tif,FOUND,1,OK,,,GTiff,15714,19310,1,float32,EPSG:32719,-inf,297222888,-1.0,0.9379444122314453
ndvi_minimo_bisemanal,minimo_bisemanal,min,12,D:\GeoTIFF NDVI\minimo_bisemanal\ndvi_arica_y_parinacota_2024_BI12_min.tif,FOUND,1,OK,,,GTiff,15714,19310,1,float32,EPSG:32719,-inf,288823185,-1.0,0.9176260828971863
ndvi_minimo_bisemanal,minimo_bisemanal,min,13,D:\GeoTIFF NDVI\minimo_bisemanal\ndvi_arica_y_parinacota_2024_BI13_min.tif,FOUND,1,OK,,,GTiff,15714,19310,1,float32,EPSG:32719,-inf,281028950,-1.0,1.0
ndvi_minimo_bisemanal,minimo_bisemanal,min,14,D:\GeoTIFF NDVI\minimo_bisemanal\ndvi_arica_y_parinacota_2024_BI14_min.tif,FOUND,1,OK,,,GTiff,15714,19310,1,float32,EPSG:32719,-inf,287371153,-1.0,1.0
ndvi_minimo_bisemanal,minimo_bisemanal,min,15,D:\GeoTIFF NDVI\minimo_bisemanal\ndvi_arica_y_parinacota_2024_BI15_min.tif,FOUND,1,OK,,,GTiff,15714,19310,1,float32,EPSG:32719,-inf,286125903,-1.0,0.9757575988769531
ndvi_minimo_bisemanal,minimo_bisemanal,min,16,D:\GeoTIFF NDVI\minimo_bisemanal\ndvi_arica_y_parinacota_2024_BI16_min.tif,FOUND,1,OK,,,GTiff,15714,19310,1,float32,EPSG:32719,-inf,292139660,-1.0,0.9364966154098511
ndvi_minimo_bisemanal,minimo_bisemanal,min,17,D:\GeoTIFF NDVI\minimo_bisemanal\ndvi_arica_y_parinacota_2024_BI17_min.tif,FOUND,1,OK,,,GTiff,15714,19310,1,float32,EPSG:32719,-inf,288020722,-1.0,1.0
ndvi_minimo_bisemanal,minimo_bisemanal,min,18,D:\GeoTIFF NDVI\minimo_bisemanal\ndvi_arica_y_parinacota_2024_BI18_min.tif,FOUND,1,OK,,,GTiff,15714,19310,1,float32,EPSG:32719,-inf,284264968,-1.0,1.0
ndvi_minimo_bisemanal,minimo_bisemanal,min,19,D:\GeoTIFF NDVI\minimo_bisemanal\ndvi_arica_y_parinacota_2024_BI19_min.tif,FOUND,1,OK,,,GTiff,15714,19310,1,float32,EPSG:32719,-inf,297020449,-1.0,1.0
ndvi_minimo_bisemanal,minimo_bisemanal,min,20,D:\GeoTIFF NDVI\minimo_bisemanal\ndvi_arica_y_parinacota_2024_BI20_min.tif,FOUND,1,OK,,,GTiff,15714,19310,1,float32,EPSG:32719,-inf,292731482,-1.0,1.0
ndvi_minimo_bisemanal,minimo_bisemanal,min,21,D:\GeoTIFF NDVI\minimo_bisemanal\ndvi_arica_y_parinacota_2024_BI21_min.tif,FOUND,1,OK,,,GTiff,15714,19310,1,float32,EPSG:32719,-inf,300379185,-1.0,0.9102040529251099
ndvi_minimo_bisemanal,minimo_bisemanal,min,22,D:\GeoTIFF NDVI\minimo_bisemanal\ndvi_arica_y_parinacota_2024_BI22_min.tif,FOUND,1,OK,,,GTiff,15714,19310,1,float32,EPSG:32719,-inf,300889178,-1.0,0.9025787711143494
ndvi_minimo_bisemanal,minimo_bisemanal,min,23,D:\GeoTIFF NDVI\minimo_bisemanal\ndvi_arica_y_parinacota_2024_BI23_min.tif,FOUND,1,OK,,,GTiff,15714,19310,1,float32,EPSG:32719,-inf,299943128,-1.0,1.0
ndvi_minimo_bisemanal,minimo_bisemanal,min,24,D:\GeoTIFF NDVI\minimo_bisemanal\ndvi_arica_y_parinacota_2024_BI24_min.tif,FOUND,1,OK,,,GTiff,15714,19310,1,float32,EPSG:32719,-inf,254121178,-1.0,0.9934875965118408
ndvi_minimo_bisemanal,minimo_bisemanal,min,25,D:\GeoTIFF NDVI\minimo_bisemanal\ndvi_arica_y_parinacota_2024_BI25_min.tif,FOUND,1,OK,,,GTiff,15714,19310,1,float32,EPSG:32719,-inf,297541100,-1.0,1.0
ndvi_minimo_bisemanal,minimo_bisemanal,min,26,D:\GeoTIFF NDVI\minimo_bisemanal\ndvi_arica_y_parinacota_2024_BI26_min.tif,FOUND,1,OK,,,GTiff,15714,19310,1,float32,EPSG:32719,-inf,299192634,-1.0,1.0
ndvi_desvest_bisemanal,desvest_bisemanal,std,1,D:\GeoTIFF NDVI\desvest_bisemanal\ndvi_arica_y_parinacota_2024_BI01_std.tif,FOUND,1,OK,,,GTiff,15714,19310,1,float64,EPSG:32719,-inf,296534495,0.0,0.6979969183359014
ndvi_desvest_bisemanal,desvest_bisemanal,std,2,D:\GeoTIFF NDVI\desvest_bisemanal\ndvi_arica_y_parinacota_2024_BI02_std.tif,FOUND,1,OK,,,GTiff,15714,19310,1,float64,EPSG:32719,-inf,293322087,0.0,0.7946909604472194
ndvi_desvest_bisemanal,desvest_bisemanal,std,3,D:\GeoTIFF NDVI\desvest_bisemanal\ndvi_arica_y_parinacota_2024_BI03_std.tif,FOUND,1,OK,,,GTiff,15714,19310,1,float64,EPSG:32719,-inf,292830589,0.0,0.5289312457454051
ndvi_desvest_bisemanal,desvest_bisemanal,std,4,D:\GeoTIFF NDVI\desvest_bisemanal\ndvi_arica_y_parinacota_2024_BI04_std.tif,FOUND,1,OK,,,GTiff,15714,19310,1,float64,EPSG:32719,-inf,173266979,0.0,0.42440476190476195
ndvi_desvest_bisemanal,desvest_bisemanal,std,5,D:\GeoTIFF NDVI\desvest_bisemanal\ndvi_arica_y_parinacota_2024_BI05_std.tif,FOUND,1,OK,,,GTiff,15714,19310,1,float64,EPSG:32719,-inf,81971483,0.0,0.5559701492537314
ndvi_desvest_bisemanal,desvest_bisemanal,std,6,D:\GeoTIFF NDVI\desvest_bisemanal\ndvi_arica_y_parinacota_2024_BI06_std.tif,FOUND,1,OK,,,GTiff,15714,19310,1,float64,EPSG:32719,-inf,299146507,0.0,0.7205346294046172
ndvi_desvest_bisemanal,desvest_bisemanal,std,7,D:\GeoTIFF NDVI\desvest_bisemanal\ndvi_arica_y_parinacota_2024_BI07_std.tif,FOUND,1,OK,,,GTiff,15714,19310,1,float64,EPSG:32719,-inf,297463096,0.0,1.0
ndvi_desvest_bisemanal,desvest_bisemanal,std,8,D:\GeoTIFF NDVI\desvest_bisemanal\ndvi_arica_y_parinacota_2024_BI08_std.tif,FOUND,1,OK,,,GTiff,15714,19310,1,float64,EPSG:32719,-inf,299960620,0.0,0.8366584734866725
ndvi_desvest_bisemanal,desvest_bisemanal,std,9,D:\GeoTIFF NDVI\desvest_bisemanal\ndvi_arica_y_parinacota_2024_BI09_std.tif,FOUND,1,OK,,,GTiff,15714,19310,1,float64,EPSG:32719,-inf,300111137,0.0,1.0
ndvi_desvest_bisemanal,desvest_bisemanal,std,10,D:\GeoTIFF NDVI\desvest_bisemanal\ndvi_arica_y_parinacota_2024_BI10_std.tif,FOUND,1,OK,,,GTiff,15714,19310,1,float64,EPSG:32719,-inf,290407466,0.0,0.5602836879432623
ndvi_desvest_bisemanal,desvest_bisemanal,std,11,D:\GeoTIFF NDVI\desvest_bisemanal\ndvi_arica_y_parinacota_2024_BI11_std.tif,FOUND,1,OK,,,GTiff,15714,19310,1,float64,EPSG:32719,-inf,297222888,0.0,0.7026097385443006
ndvi_desvest_bisemanal,desvest_bisemanal,std,12,D:\GeoTIFF NDVI\desvest_bisemanal\ndvi_arica_y_parinacota_2024_BI12_std.tif,FOUND,1,OK,,,GTiff,15714,19310,1,float64,EPSG:32719,-inf,288823185,0.0,0.8392523356483411
ndvi_desvest_bisemanal,desvest_bisemanal,std,13,D:\GeoTIFF NDVI\desvest_bisemanal\ndvi_arica_y_parinacota_2024_BI13_std.tif,FOUND,1,OK,,,GTiff,15714,19310,1,float64,EPSG:32719,-inf,281028950,0.0,0.8417340892740433
ndvi_desvest_bisemanal,desvest_bisemanal,std,14,D:\GeoTIFF NDVI\desvest_bisemanal\ndvi_arica_y_parinacota_2024_BI14_std.tif,FOUND,1,OK,,,GTiff,15714,19310,1,float64,EPSG:32719,-inf,287371153,0.0,1.0
ndvi_desvest_bisemanal,desvest_bisemanal,std,15,D:\GeoTIFF NDVI\desvest_bisemanal\ndvi_arica_y_parinacota_2024_BI15_std.tif,FOUND,1,OK,,,GTiff,15714,19310,1,float64,EPSG:32719,-inf,286125903,0.0,0.7255040432182
ndvi_desvest_bisemanal,desvest_bisemanal,std,16,D:\GeoTIFF NDVI\desvest_bisemanal\ndvi_arica_y_parinacota_2024_BI16_std.tif,FOUND,1,OK,,,GTiff,15714,19310,1,float64,EPSG:32719,-inf,292139660,0.0,0.6050344163874375
ndvi_desvest_bisemanal,desvest_bisemanal,std,17,D:\GeoTIFF NDVI\desvest_bisemanal\ndvi_arica_y_parinacota_2024_BI17_std.tif,FOUND,1,OK,,,GTiff,15714,19310,1,float64,EPSG:32719,-inf,288020722,0.0,0.841120082507414
ndvi_desvest_bisemanal,desvest_bisemanal,std,18,D:\GeoTIFF NDVI\desvest_bisemanal\ndvi_arica_y_parinacota_2024_BI18_std.tif,FOUND,1,OK,,,GTiff,15714,19310,1,float64,EPSG:32719,-inf,284264968,0.0,1.0
ndvi_desvest_bisemanal,desvest_bisemanal,std,19,D:\GeoTIFF NDVI\desvest_bisemanal\ndvi_arica_y_parinacota_2024_BI19_std.tif,FOUND,1,OK,,,GTiff,15714,19310,1,float64,EPSG:32719,-inf,297020449,0.0,1.0
ndvi_desvest_bisemanal,desvest_bisemanal,std,20,D:\GeoTIFF NDVI\desvest_bisemanal\ndvi_arica_y_parinacota_2024_BI20_std.tif,FOUND,1,OK,,,GTiff,15714,19310,1,float64,EPSG:32719,-inf,292731482,0.0,0.7128021570658826
ndvi_desvest_bisemanal,desvest_bisemanal,std,21,D:\GeoTIFF NDVI\desvest_bisemanal\ndvi_arica_y_parinacota_2024_BI21_std.tif,FOUND,1,OK,,,GTiff,15714,19310,1,float64,EPSG:32719,-inf,300379185,0.0,0.6543530936068108
ndvi_desvest_bisemanal,desvest_bisemanal,std,22,D:\GeoTIFF NDVI\desvest_bisemanal\ndvi_arica_y_parinacota_2024_BI22_std.tif,FOUND,1,OK,,,GTiff,15714,19310,1,float64,EPSG:32719,-inf,300889178,0.0,0.5600532223707391
ndvi_desvest_bisemanal,desvest_bisemanal,std,23,D:\GeoTIFF NDVI\desvest_bisemanal\ndvi_arica_y_parinacota_2024_BI23_std.tif,FOUND,1,OK,,,GTiff,15714,19310,1,float64,EPSG:32719,-inf,299943128,0.0,0.711764705882353
ndvi_desvest_bisemanal,desvest_bisemanal,std,24,D:\GeoTIFF NDVI\desvest_bisemanal\ndvi_arica_y_parinacota_2024_BI24_std.tif,FOUND,1,OK,,,GTiff,15714,19310,1,float64,EPSG:32719,-inf,254121178,0.0,0.5270935960591133
ndvi_desvest_bisemanal,desvest_bisemanal,std,25,D:\GeoTIFF NDVI\desvest_bisemanal\ndvi_arica_y_parinacota_2024_BI25_std.tif,FOUND,1,OK,,,GTiff,15714,19310,1,float64,EPSG:32719,-inf,297541100,0.0,0.6164504850131134
ndvi_desvest_bisemanal,desvest_bisemanal,std,26,D:\GeoTIFF NDVI\desvest_bisemanal\ndvi_arica_y_parinacota_2024_BI26_std.tif,FOUND,1,OK,,,GTiff,15714,19310,1,float64,EPSG:32719,-inf,299192634,0.0,0.6512605042016807
