ovitrampa_id,utm19s_x,utm19s_y,lon,lat
1,363505,7965314,-70.2922,-18.397824
19,364266,7958643,-70.285445,-18.458152
22,363647,7958548,-70.291312,-18.45897
30,364153,7959421,-70.286463,-18.451114
46,364224,7954156,-70.286145,-18.498693
49,364405,7954026,-70.28444,-18.499879
56,364070,7965179,-70.286861,-18.39908
57,364033,7965229,-70.287208,-18.398626
62,362735,7956527,-70.300085,-18.477173
76,365854,7952739,-70.270802,-18.511601
77,366353,7952653,-70.266081,-18.51241
79,362912,7964360,-70.297878,-18.406406
82,361113,7965360,-70.314838,-18.397253
84,361627,7964884,-70.310005,-18.401588
87,363236,7957763,-70.295257,-18.466037
88,363193,7957702,-70.295669,-18.466585
90,363205,7957863,-70.295544,-18.465131
92,363597,7957689,-70.291844,-18.466729
103,361523,7955838,-70.31161,-18.483319
104,361254,7955907,-70.314152,-18.482678
105,361337,7955871,-70.313369,-18.483009
109,359718,7957026,-70.32862,-18.472466
111,360501,7956673,-70.32123,-18.475707
112,364362,7956107,-70.284707,-18.481073
120,363617,7965278,-70.291142,-18.398156
121,363392,7965339,-70.293268,-18.397591
122,363540,7965302,-70.29187,-18.397935
123,364085,7965300,-70.286711,-18.397988
124,364053,7965253,-70.287017,-18.39841
128,363676,7962137,-70.290796,-18.426542
131,363747,7965406,-70.289903,-18.397008
138,361519,7955181,-70.311693,-18.489255
140,364655,7955799,-70.281953,-18.483875
141,363818,7956224,-70.28985,-18.479981
146,364072,7965239,-70.286838,-18.398538
148,365211,7965000,-70.276073,-18.40077
149,364460,7965226,-70.283167,-18.39868
151,363159,7965400,-70.295469,-18.397025
152,365291,7965066,-70.275312,-18.400179
155,360093,7956459,-70.325109,-18.477614
156,360734,7956933,-70.319006,-18.473373
158,363217,7958520,-70.295386,-18.459195
160,363414,7958171,-70.293544,-18.462362
164,362912,7963819,-70.297914,-18.411294
166,362103,7956997,-70.306038,-18.472885
167,362242,7957012,-70.304721,-18.472758
172,363193,7961061,-70.295441,-18.436234
173,364455,7959926,-70.283569,-18.446571
174,363776,7959303,-70.29004,-18.452156
175,363490,7960166,-70.29269,-18.44434
177,363093,7959721,-70.296478,-18.448335
178,363507,7959525,-70.292572,-18.450133
179,364493,7959156,-70.283261,-18.453531
183,360966,7956423,-70.316844,-18.477997
185,363180,7956541,-70.29587,-18.477075
193,361819,7956039,-70.308793,-18.481522
196,363708,7956093,-70.290901,-18.481157
209,361486,7956604,-70.311908,-18.476395
213,363214,7954647,-70.295677,-18.494191
214,363371,7954636,-70.294191,-18.494301
215,364571,7954751,-70.282819,-18.493339
217,366424,7952936,-70.26539,-18.509857
219,364594,7955670,-70.282539,-18.485036
232,361910,7956095,-70.307927,-18.481022
233,362646,7954765,-70.301048,-18.493088
234,362123,7954475,-70.306021,-18.495674
235,361532,7955453,-70.311551,-18.486799
236,364124,7965542,-70.286326,-18.395804
237,363098,7965167,-70.296062,-18.399126
248,360878,7956527,-70.31767,-18.477051
249,361066,7956598,-70.315885,-18.476422
251,360939,7956629,-70.317086,-18.476134
252,360846,7956742,-70.317958,-18.475106
253,363688,7965565,-70.290451,-18.395568
254,363890,7961112,-70.288839,-18.435818
255,363668,7960912,-70.290954,-18.437611
256,361030,7957012,-70.316197,-18.472679
257,360902,7956911,-70.317416,-18.473583
266,363440,7961900,-70.293046,-18.428668
267,363412,7961681,-70.293326,-18.430646
268,363188,7961848,-70.295435,-18.429122
269,363460,7962013,-70.292849,-18.427649
271,363349,7955672,-70.294329,-18.484938
272,363229,7955771,-70.295459,-18.484036
273,363534,7961866,-70.292158,-18.428982
274,363386,7961952,-70.293554,-18.428195
275,363340,7961828,-70.293997,-18.429313
276,363910,7958193,-70.288846,-18.462195
277,363900,7958271,-70.288936,-18.461489
278,367276,7964704,-70.256546,-18.403575
279,367137,7964690,-70.257863,-18.403693
280,367079,7965021,-70.25839,-18.400698
281,366736,7964704,-70.261658,-18.403541
282,366579,7965112,-70.263117,-18.399845
283,364567,7965909,-70.282108,-18.392516
284,366526,7965360,-70.263602,-18.397601
285,366350,7964771,-70.265307,-18.402912
286,365593,7964900,-70.272464,-18.401698
287,361632,7964746,-70.309967,-18.402835
288,361154,7964564,-70.314504,-18.404448
289,360783,7964580,-70.318015,-18.404279
290,361197,7964985,-70.314068,-18.400647
291,361629,7965306,-70.309957,-18.397775
292,361575,7965632,-70.310446,-18.394826
293,360802,7965124,-70.317798,-18.399365
294,360508,7965337,-70.320566,-18.397421
295,360891,7965596,-70.316923,-18.395106
296,361564,7966287,-70.310506,-18.388906
297,361508,7966471,-70.311023,-18.38724
298,363103,7955582,-70.296665,-18.485735
299,363427,7955822,-70.29358,-18.483588
300,363851,7955488,-70.289588,-18.486633
301,362936,7955918,-70.298223,-18.482689
302,362643,7955854,-70.301002,-18.483248
304,366215,7952508,-70.267398,-18.513711
305,366532,7952268,-70.264412,-18.5159
306,366119,7952732,-70.268293,-18.511681
307,361906,7954033,-70.308107,-18.499654
308,361906,7953727,-70.308128,-18.502419
309,362028,7953926,-70.306959,-18.500629
310,362276,7953931,-70.304609,-18.5006
311,361809,7954035,-70.309025,-18.49963
312,362107,7954272,-70.306187,-18.497508
313,362151,7954737,-70.305738,-18.493309
314,362343,7954629,-70.303927,-18.494297
315,362456,7954414,-70.302872,-18.496247
316,362904,7965515,-70.297875,-18.395969
317,363015,7965849,-70.296802,-18.392958
318,363015,7965849,-70.296802,-18.392958
319,362519,7954017,-70.302302,-18.499839
320,362762,7954384,-70.299976,-18.496538
321,363077,7953705,-70.297039,-18.502694
322,362968,7953705,-70.298071,-18.502687
323,363387,7954383,-70.294057,-18.496588
324,363780,7954773,-70.290308,-18.493089
325,363607,7955114,-70.291924,-18.489997
326,363384,7954929,-70.294048,-18.491654
327,363069,7955083,-70.297021,-18.490242
328,362828,7954781,-70.299324,-18.492955
329,363012,7954337,-70.297611,-18.496979
330,364023,7954707,-70.288011,-18.493701
331,364228,7954878,-70.286058,-18.492169
332,364137,7955312,-70.286891,-18.488242
333,363296,7955428,-70.294848,-18.487139
334,362596,7955377,-70.30148,-18.487555
335,362726,7956158,-70.300196,-18.480506
336,363608,7955768,-70.29187,-18.484087
337,361292,7954723,-70.313874,-18.493379
338,361143,7955417,-70.315237,-18.487098
339,361780,7955040,-70.309231,-18.490547
340,360362,7956291,-70.322573,-18.47915
341,360764,7955861,-70.318796,-18.483061
342,361343,7956854,-70.313244,-18.474127
343,361518,7956166,-70.311635,-18.480355
344,362306,7955816,-70.304196,-18.483569
345,362292,7956245,-70.3043,-18.479692
346,363774,7962291,-70.289858,-18.425157
347,363690,7962306,-70.290652,-18.425016
348,363460,7962206,-70.292836,-18.425905
349,361911,7964907,-70.307315,-18.401398
350,362001,7964739,-70.306475,-18.402922
351,361132,7967881,-70.314485,-18.374475
352,360664,7967716,-70.318926,-18.375935
353,362151,7954737,-70.305738,-18.493309
354,362343,7954629,-70.303927,-18.494297
355,362456,7954414,-70.302872,-18.496247
356,361210,7967451,-70.313776,-18.378365
357,362296,7956616,-70.304236,-18.47634
358,360828,7956135,-70.318171,-18.48059
359,362679,7965461,-70.300008,-18.396442
360,361062,7966966,-70.31521,-18.382738
361,361292,7966735,-70.313049,-18.38484
362,361214,7966588,-70.313798,-18.386164
363,362935,7958608,-70.29805,-18.458382
364,361769,7966122,-70.308577,-18.390411
365,363306,7961641,-70.294332,-18.431
366,362583,7954478,-70.301665,-18.495677
367,362924,7955222,-70.298384,-18.488977
368,364000,7956686,-70.288096,-18.475818
369,363664,7957091,-70.29125,-18.472137
370,363384,7957287,-70.293888,-18.470347
371,363503,7957452,-70.29275,-18.468864
372,363970,7957349,-70.288335,-18.469825
373,363972,7957721,-70.288291,-18.466464
374,364160,7957274,-70.286541,-18.470515
375,362662,7957075,-70.300739,-18.472216
376,362384,7957341,-70.303354,-18.469795
377,362694,7957378,-70.300416,-18.46948
378,362346,7957649,-70.303692,-18.467009
379,362780,7957946,-70.299563,-18.464354
380,363608,7955769,-70.29187,-18.484078
381,363611,7956342,-70.291803,-18.478901
382,363441,7956106,-70.293428,-18.481023
384,361410,7954521,-70.312771,-18.495212
385,364473,7956360,-70.283638,-18.478794
386,362549,7958992,-70.301679,-18.454887
387,362866,7959046,-70.298674,-18.45442
388,362739,7959219,-70.299864,-18.452848
389,363087,7959148,-70.296574,-18.453512
390,363016,7958433,-70.297295,-18.459969
391,362862,7959412,-70.298687,-18.451112
392,362896,7959878,-70.29832,-18.446915
393,362976,7960314,-70.297546,-18.442969
394,363083,7960148,-70.296544,-18.444476
395,364711,7956946,-70.281345,-18.473514
396,364652,7956608,-70.281927,-18.476564
397,364766,7956459,-70.280857,-18.477918
398,364860,7956305,-70.279977,-18.479316
399,364942,7956149,-70.279211,-18.480731
400,364805,7956095,-70.280512,-18.48121
401,364806,7956305,-70.280489,-18.479312
402,364687,7956016,-70.281635,-18.481916
403,363765,7965510,-70.289726,-18.39607
