variable,nulos,nulos_pct,no_nulos
alt_min,262,0.14775297056783385,177061
alt_mean,262,0.14775297056783385,177061
alt_max,262,0.14775297056783385,177061
year,55,0.031016844966530004,177268
epiweek,55,0.031016844966530004,177268
tmean_c,55,0.031016844966530004,177268
tmin_c,55,0.031016844966530004,177268
tmax_c,55,0.031016844966530004,177268
rh_mean,55,0.031016844966530004,177268
rh_min,55,0.031016844966530004,177268
rh_max,55,0.031016844966530004,177268
tp_sum,55,0.031016844966530004,177268
grid_id,0,0.0,177323
geometry,0,0.0,177323
koppen_fin,0,0.0,177323
population,0,0.0,177323
