variable,count,mean,std,min,1%,5%,25%,50%,75%,95%,99%,max
tmean_c,177268.0,11.038736591684641,5.822545646433735,-1.7461127042770386,0.9285932183265686,3.383251428604126,6.218760013580322,9.313034057617188,16.652883529663086,20.48497200012207,22.579553604125977,25.018829345703125
tmin_c,177268.0,9.940884796383605,6.0509979180769635,-3.8413593769073486,-0.755584716796875,1.6359125256538394,5.048319339752197,8.276824951171875,15.634552001953125,19.777212142944336,21.96299171447754,24.110687255859375
tmax_c,177268.0,12.074568908816442,5.691751377871345,-0.9568989872932434,2.561411900520325,4.57129647731781,7.3782758712768555,10.352783203125,17.6351318359375,21.23777198791504,23.283538818359375,25.648269653320312
rh_mean,177268.0,49.881294700462085,24.07619182016473,7.646101951599121,10.161089897155762,13.165156364440918,26.57338523864746,50.85784912109375,71.90616607666016,84.99639129638672,88.70624542236328,94.64430236816406
rh_min,177268.0,41.23213183884896,24.62488395112761,1.9570231437683105,3.404726028442383,6.590209007263184,17.767009735107422,39.10751914978027,63.596397399902344,80.02467803955075,85.77752471923816,94.04693603515625
rh_max,177268.0,59.18612539539665,23.727962679722552,12.05595588684082,15.143582344055176,21.8411735534668,35.58642578125,62.1970100402832,80.7564926147461,91.10618591308594,93.730224609375,97.60228729248047
tp_sum,177268.0,0.09324059014721811,0.17646920498851607,1.3009248505113646e-06,1.6250030967057683e-05,3.0747050914214924e-05,0.00011771568097174168,0.005823921412229538,0.09909410029649734,0.46051400899887085,0.8284603953361511,1.3576017618179321
alt_min,177008.0,2954.852526439483,1513.331693598964,-3.0,20.0,383.0,1418.75,3578.0,4260.0,4623.0,4931.0,5612.0
alt_mean,177008.0,3119.304912382696,1495.8588149270304,5.666666666666667,135.36153846153846,600.5907692307692,1618.7852051899501,3726.0328525641025,4350.832548076924,4807.258461538461,5178.913846153846,6019.342412451362
alt_max,177008.0,3292.1844888366627,1517.1692034068074,10.0,280.0,730.0,1785.0,3895.5,4496.75,5099.0,5589.0,6313.0
population,177268.0,43.184178363072604,1039.9891286043603,0.0,0.0,0.0,0.0,0.0,0.0,0.0,0.0,33587.254378047095
