epiweek,filas,filas_con_nulo,grid_id,filas_con_nulo_pct
1.0,3409,5,3409,0.14667057788207685
2.0,3409,5,3409,0.14667057788207685
3.0,3409,5,3409,0.14667057788207685
4.0,3409,5,3409,0.14667057788207685
5.0,3409,5,3409,0.14667057788207685
6.0,3409,5,3409,0.14667057788207685
7.0,3409,5,3409,0.14667057788207685
8.0,3409,5,3409,0.14667057788207685
9.0,3409,5,3409,0.14667057788207685
10.0,3409,5,3409,0.14667057788207685
11.0,3409,5,3409,0.14667057788207685
12.0,3409,5,3409,0.14667057788207685
13.0,3409,5,3409,0.14667057788207685
14.0,3409,5,3409,0.14667057788207685
15.0,3409,5,3409,0.14667057788207685
16.0,3409,5,3409,0.14667057788207685
17.0,3409,5,3409,0.14667057788207685
18.0,3409,5,3409,0.14667057788207685
19.0,3409,5,3409,0.14667057788207685
20.0,3409,5,3409,0.14667057788207685
21.0,3409,5,3409,0.14667057788207685
22.0,3409,5,3409,0.14667057788207685
23.0,3409,5,3409,0.14667057788207685
24.0,3409,5,3409,0.14667057788207685
25.0,3409,5,3409,0.14667057788207685
26.0,3409,5,3409,0.14667057788207685
27.0,3409,5,3409,0.14667057788207685
28.0,3409,5,3409,0.14667057788207685
29.0,3409,5,3409,0.14667057788207685
30.0,3409,5,3409,0.14667057788207685
31.0,3409,5,3409,0.14667057788207685
32.0,3409,5,3409,0.14667057788207685
33.0,3409,5,3409,0.14667057788207685
34.0,3409,5,3409,0.14667057788207685
35.0,3409,5,3409,0.14667057788207685
36.0,3409,5,3409,0.14667057788207685
37.0,3409,5,3409,0.14667057788207685
38.0,3409,5,3409,0.14667057788207685
39.0,3409,5,3409,0.14667057788207685
40.0,3409,5,3409,0.14667057788207685
41.0,3409,5,3409,0.14667057788207685
42.0,3409,5,3409,0.14667057788207685
43.0,3409,5,3409,0.14667057788207685
44.0,3409,5,3409,0.14667057788207685
45.0,3409,5,3409,0.14667057788207685
46.0,3409,5,3409,0.14667057788207685
47.0,3409,5,3409,0.14667057788207685
48.0,3409,5,3409,0.14667057788207685
49.0,3409,5,3409,0.14667057788207685
50.0,3409,5,3409,0.14667057788207685
51.0,3409,5,3409,0.14667057788207685
52.0,3409,5,3409,0.14667057788207685
