grid_id,semanas,semanas_con_nulo,semanas_con_nulo_pct
0,52,0,0.0
1,52,0,0.0
2,52,0,0.0
4,52,0,0.0
5,52,0,0.0
6,52,0,0.0
7,52,0,0.0
25,52,0,0.0
26,52,0,0.0
27,52,0,0.0
28,52,0,0.0
29,52,0,0.0
30,52,0,0.0
31,52,0,0.0
32,52,0,0.0
37,52,0,0.0
38,52,0,0.0
39,52,0,0.0
40,52,0,0.0
41,52,0,0.0
42,52,0,0.0
43,52,0,0.0
44,52,0,0.0
45,52,0,0.0
46,52,0,0.0
47,52,0,0.0
48,52,0,0.0
49,52,0,0.0
50,52,0,0.0
51,52,0,0.0
52,52,0,0.0
56,52,0,0.0
57,52,0,0.0
58,52,0,0.0
59,52,0,0.0
60,52,0,0.0
61,52,0,0.0
62,52,0,0.0
63,52,0,0.0
64,52,0,0.0
65,52,0,0.0
70,52,0,0.0
71,52,0,0.0
72,52,0,0.0
73,52,0,0.0
74,52,0,0.0
75,52,0,0.0
76,52,0,0.0
77,52,0,0.0
78,52,0,0.0
79,52,0,0.0
80,52,0,0.0
81,52,0,0.0
82,52,0,0.0
83,52,0,0.0
84,52,0,0.0
85,52,0,0.0
90,52,0,0.0
91,52,0,0.0
92,52,0,0.0
93,52,0,0.0
94,52,0,0.0
95,52,0,0.0
96,52,0,0.0
97,52,0,0.0
98,52,0,0.0
99,52,0,0.0
100,52,0,0.0
101,52,0,0.0
102,52,0,0.0
103,52,0,0.0
104,52,0,0.0
109,52,0,0.0
110,52,0,0.0
111,52,0,0.0
112,52,0,0.0
113,52,0,0.0
114,52,0,0.0
115,52,0,0.0
116,52,0,0.0
117,52,0,0.0
118,52,0,0.0
119,52,0,0.0
120,52,0,0.0
121,52,0,0.0
122,52,0,0.0
123,52,0,0.0
124,52,0,0.0
129,52,0,0.0
130,52,0,0.0
131,52,0,0.0
132,52,0,0.0
133,52,0,0.0
134,52,0,0.0
135,52,0,0.0
136,52,0,0.0
137,52,0,0.0
138,52,0,0.0
139,52,0,0.0
142,52,0,0.0
143,52,0,0.0
144,52,0,0.0
145,52,0,0.0
146,52,0,0.0
147,52,0,0.0
148,52,0,0.0
149,52,0,0.0
150,52,0,0.0
155,52,0,0.0
156,52,0,0.0
157,52,0,0.0
158,52,0,0.0
159,52,0,0.0
160,52,0,0.0
161,52,0,0.0
162,52,0,0.0
163,52,0,0.0
164,52,0,0.0
165,52,0,0.0
166,52,0,0.0
167,52,0,0.0
168,52,0,0.0
169,52,0,0.0
170,52,0,0.0
175,52,0,0.0
176,52,0,0.0
177,52,0,0.0
178,52,0,0.0
179,52,0,0.0
180,52,0,0.0
181,52,0,0.0
182,52,0,0.0
183,52,0,0.0
184,52,0,0.0
185,52,0,0.0
188,52,0,0.0
189,52,0,0.0
190,52,0,0.0
191,52,0,0.0
192,52,0,0.0
193,52,0,0.0
194,52,0,0.0
195,52,0,0.0
196,52,0,0.0
197,52,0,0.0
198,52,0,0.0
199,52,0,0.0
200,52,0,0.0
201,52,0,0.0
202,52,0,0.0
203,52,0,0.0
204,52,0,0.0
205,52,0,0.0
206,52,0,0.0
207,52,0,0.0
208,52,0,0.0
209,52,0,0.0
210,52,0,0.0
211,52,0,0.0
212,52,0,0.0
213,52,0,0.0
214,52,0,0.0
215,52,0,0.0
216,52,0,0.0
217,52,0,0.0
218,52,0,0.0
219,52,0,0.0
220,52,0,0.0
221,52,0,0.0
222,52,0,0.0
223,52,0,0.0
224,52,0,0.0
225,52,0,0.0
226,52,0,0.0
227,52,0,0.0
228,52,0,0.0
229,52,0,0.0
230,52,0,0.0
231,52,0,0.0
232,52,0,0.0
233,52,0,0.0
234,52,0,0.0
235,52,0,0.0
236,52,0,0.0
237,52,0,0.0
238,52,0,0.0
239,52,0,0.0
240,52,0,0.0
241,52,0,0.0
242,52,0,0.0
243,52,0,0.0
244,52,0,0.0
245,52,0,0.0
246,52,0,0.0
247,52,0,0.0
248,52,0,0.0
249,52,0,0.0
250,52,0,0.0
251,52,0,0.0
252,52,0,0.0
253,52,0,0.0
254,52,0,0.0
255,52,0,0.0
256,52,0,0.0
257,52,0,0.0
258,52,0,0.0
259,52,0,0.0
260,52,0,0.0
261,52,0,0.0
262,52,0,0.0
263,52,0,0.0
264,52,0,0.0
265,52,0,0.0
266,52,0,0.0
267,52,0,0.0
268,52,0,0.0
269,52,0,0.0
270,52,0,0.0
271,52,0,0.0
272,52,0,0.0
273,52,0,0.0
274,52,0,0.0
275,52,0,0.0
276,52,0,0.0
277,52,0,0.0
278,52,0,0.0
279,52,0,0.0
280,52,0,0.0
281,52,0,0.0
282,52,0,0.0
283,52,0,0.0
284,52,0,0.0
285,52,0,0.0
286,52,0,0.0
287,52,0,0.0
288,52,0,0.0
289,52,0,0.0
290,52,0,0.0
291,52,0,0.0
292,52,0,0.0
293,52,0,0.0
294,52,0,0.0
295,52,0,0.0
296,52,0,0.0
297,52,0,0.0
298,52,0,0.0
299,52,0,0.0
300,52,0,0.0
301,52,0,0.0
302,52,0,0.0
303,52,0,0.0
304,52,0,0.0
305,52,0,0.0
306,52,0,0.0
307,52,0,0.0
308,52,0,0.0
309,52,0,0.0
310,52,0,0.0
311,52,0,0.0
312,52,0,0.0
313,52,0,0.0
314,52,0,0.0
315,52,0,0.0
316,52,0,0.0
317,52,0,0.0
318,52,0,0.0
319,52,0,0.0
320,52,0,0.0
321,52,0,0.0
322,52,0,0.0
323,52,0,0.0
324,52,0,0.0
325,52,0,0.0
326,52,0,0.0
327,52,0,0.0
328,52,0,0.0
329,52,0,0.0
330,52,0,0.0
331,52,0,0.0
332,52,0,0.0
333,52,0,0.0
334,52,0,0.0
335,52,0,0.0
336,52,0,0.0
337,52,0,0.0
338,52,0,0.0
339,52,0,0.0
340,52,0,0.0
341,52,0,0.0
342,52,0,0.0
343,52,0,0.0
344,52,0,0.0
345,52,0,0.0
346,52,0,0.0
347,52,0,0.0
348,52,0,0.0
349,52,0,0.0
350,52,0,0.0
351,52,0,0.0
352,52,0,0.0
353,52,0,0.0
354,52,0,0.0
355,52,0,0.0
356,52,0,0.0
357,52,0,0.0
358,52,0,0.0
359,52,0,0.0
360,52,0,0.0
361,52,0,0.0
362,52,0,0.0
363,52,0,0.0
364,52,0,0.0
365,52,0,0.0
366,52,0,0.0
367,52,0,0.0
368,52,0,0.0
369,52,0,0.0
370,52,0,0.0
371,52,0,0.0
372,52,0,0.0
373,52,0,0.0
374,52,0,0.0
375,52,0,0.0
376,52,0,0.0
377,52,0,0.0
378,52,0,0.0
379,52,0,0.0
380,52,0,0.0
381,52,0,0.0
382,52,0,0.0
383,52,0,0.0
384,52,0,0.0
385,52,0,0.0
386,52,0,0.0
387,52,0,0.0
388,52,0,0.0
389,52,0,0.0
390,52,0,0.0
391,52,0,0.0
392,52,0,0.0
393,52,0,0.0
394,52,0,0.0
395,52,0,0.0
396,52,0,0.0
397,52,0,0.0
398,52,0,0.0
399,52,0,0.0
400,52,0,0.0
401,52,0,0.0
402,52,0,0.0
403,52,0,0.0
404,52,0,0.0
405,52,0,0.0
406,52,0,0.0
407,52,0,0.0
408,52,0,0.0
409,52,0,0.0
410,52,0,0.0
411,52,0,0.0
412,52,0,0.0
413,52,0,0.0
414,52,0,0.0
415,52,0,0.0
416,52,0,0.0
417,52,0,0.0
418,52,0,0.0
419,52,0,0.0
420,52,0,0.0
421,52,0,0.0
422,52,0,0.0
423,52,0,0.0
424,52,0,0.0
425,52,0,0.0
426,52,0,0.0
427,52,0,0.0
428,52,0,0.0
429,52,0,0.0
430,52,0,0.0
431,52,0,0.0
432,52,0,0.0
433,52,0,0.0
434,52,0,0.0
435,52,0,0.0
436,52,0,0.0
437,52,0,0.0
438,52,0,0.0
439,52,0,0.0
440,52,0,0.0
441,52,0,0.0
442,52,0,0.0
443,52,0,0.0
444,52,0,0.0
445,52,0,0.0
446,52,0,0.0
447,52,0,0.0
448,52,0,0.0
449,52,0,0.0
450,52,0,0.0
451,52,0,0.0
452,52,0,0.0
453,52,0,0.0
454,52,0,0.0
455,52,0,0.0
456,52,0,0.0
457,52,0,0.0
458,52,0,0.0
459,52,0,0.0
460,52,0,0.0
461,52,0,0.0
462,52,0,0.0
463,52,0,0.0
464,52,0,0.0
465,52,0,0.0
466,52,0,0.0
467,52,0,0.0
468,52,0,0.0
469,52,0,0.0
470,52,0,0.0
471,52,0,0.0
472,52,0,0.0
473,52,0,0.0
474,52,0,0.0
475,52,0,0.0
476,52,0,0.0
477,52,0,0.0
478,52,0,0.0
479,52,0,0.0
480,52,0,0.0
481,52,0,0.0
482,52,0,0.0
483,52,0,0.0
484,52,0,0.0
485,52,0,0.0
486,52,0,0.0
487,52,0,0.0
488,52,0,0.0
489,52,0,0.0
490,52,0,0.0
491,52,0,0.0
492,52,0,0.0
493,52,0,0.0
494,52,0,0.0
495,52,0,0.0
496,52,0,0.0
497,52,0,0.0
498,52,0,0.0
499,52,0,0.0
500,52,0,0.0
501,52,0,0.0
502,52,0,0.0
503,52,0,0.0
504,52,0,0.0
505,52,0,0.0
506,52,0,0.0
507,52,0,0.0
508,52,0,0.0
509,52,0,0.0
510,52,0,0.0
511,52,0,0.0
512,52,0,0.0
513,52,0,0.0
514,52,0,0.0
515,52,0,0.0
516,52,0,0.0
517,52,0,0.0
518,52,0,0.0
519,52,0,0.0
520,52,0,0.0
521,52,0,0.0
522,52,0,0.0
523,52,0,0.0
524,52,0,0.0
525,52,0,0.0
526,52,0,0.0
527,52,0,0.0
528,52,0,0.0
529,52,0,0.0
530,52,0,0.0
531,52,0,0.0
532,52,0,0.0
533,52,0,0.0
534,52,0,0.0
535,52,0,0.0
536,52,0,0.0
537,52,0,0.0
538,52,0,0.0
539,52,0,0.0
540,52,0,0.0
541,52,0,0.0
542,52,0,0.0
543,52,0,0.0
544,52,0,0.0
545,52,0,0.0
546,52,0,0.0
547,52,0,0.0
548,52,0,0.0
549,52,0,0.0
550,52,0,0.0
551,52,0,0.0
552,52,0,0.0
553,52,0,0.0
554,52,0,0.0
555,52,0,0.0
556,52,0,0.0
557,52,0,0.0
558,52,0,0.0
559,52,0,0.0
560,52,0,0.0
561,52,0,0.0
562,52,0,0.0
563,52,0,0.0
564,52,0,0.0
565,52,0,0.0
566,52,0,0.0
567,52,0,0.0
568,52,0,0.0
569,52,0,0.0
570,52,0,0.0
571,52,0,0.0
572,52,0,0.0
573,52,0,0.0
574,52,0,0.0
575,52,0,0.0
576,52,0,0.0
577,52,0,0.0
578,52,0,0.0
579,52,0,0.0
580,52,0,0.0
581,52,0,0.0
582,52,0,0.0
583,52,0,0.0
584,52,0,0.0
585,52,0,0.0
586,52,0,0.0
587,52,0,0.0
588,52,0,0.0
589,52,0,0.0
590,52,0,0.0
591,52,0,0.0
592,52,0,0.0
593,52,0,0.0
594,52,0,0.0
595,52,0,0.0
596,52,0,0.0
597,52,0,0.0
598,52,0,0.0
599,52,0,0.0
600,52,0,0.0
601,52,0,0.0
602,52,0,0.0
603,52,0,0.0
604,52,0,0.0
605,52,0,0.0
606,52,0,0.0
607,52,0,0.0
608,52,0,0.0
609,52,0,0.0
610,52,0,0.0
611,52,0,0.0
612,52,0,0.0
613,52,0,0.0
614,52,0,0.0
615,52,0,0.0
616,52,0,0.0
617,52,0,0.0
618,52,0,0.0
619,52,0,0.0
620,52,0,0.0
621,52,0,0.0
622,52,0,0.0
623,52,0,0.0
624,52,0,0.0
625,52,0,0.0
626,52,0,0.0
627,52,0,0.0
628,52,0,0.0
629,52,0,0.0
630,52,0,0.0
631,52,0,0.0
632,52,0,0.0
633,52,0,0.0
634,52,0,0.0
635,52,0,0.0
636,52,0,0.0
637,52,0,0.0
638,52,0,0.0
639,52,0,0.0
640,52,0,0.0
641,52,0,0.0
642,52,0,0.0
643,52,0,0.0
644,52,0,0.0
645,52,0,0.0
646,52,0,0.0
647,52,0,0.0
648,52,0,0.0
649,52,0,0.0
650,52,0,0.0
651,52,0,0.0
652,52,0,0.0
653,52,0,0.0
654,52,0,0.0
655,52,0,0.0
656,52,0,0.0
657,52,0,0.0
658,52,0,0.0
659,52,0,0.0
660,52,0,0.0
661,52,0,0.0
662,52,0,0.0
663,52,0,0.0
664,52,0,0.0
665,52,0,0.0
666,52,0,0.0
667,52,0,0.0
668,52,0,0.0
669,52,0,0.0
670,52,0,0.0
671,52,0,0.0
672,52,0,0.0
673,52,0,0.0
674,52,0,0.0
675,52,0,0.0
676,52,0,0.0
677,52,0,0.0
678,52,0,0.0
679,52,0,0.0
680,52,0,0.0
681,52,0,0.0
682,52,0,0.0
683,52,0,0.0
684,52,0,0.0
685,52,0,0.0
686,52,0,0.0
687,52,0,0.0
688,52,0,0.0
689,52,0,0.0
690,52,0,0.0
691,52,0,0.0
692,52,0,0.0
693,52,0,0.0
694,52,0,0.0
695,52,0,0.0
696,52,0,0.0
697,52,0,0.0
698,52,0,0.0
699,52,0,0.0
700,52,0,0.0
701,52,0,0.0
702,52,0,0.0
703,52,0,0.0
704,52,0,0.0
705,52,0,0.0
706,52,0,0.0
707,52,0,0.0
708,52,0,0.0
709,52,0,0.0
710,52,0,0.0
711,52,0,0.0
712,52,0,0.0
713,52,0,0.0
714,52,0,0.0
715,52,0,0.0
716,52,0,0.0
717,52,0,0.0
718,52,0,0.0
719,52,0,0.0
720,52,0,0.0
721,52,0,0.0
722,52,0,0.0
723,52,0,0.0
724,52,0,0.0
725,52,0,0.0
726,52,0,0.0
727,52,0,0.0
728,52,0,0.0
729,52,0,0.0
730,52,0,0.0
731,52,0,0.0
732,52,0,0.0
733,52,0,0.0
734,52,0,0.0
735,52,0,0.0
736,52,0,0.0
737,52,0,0.0
738,52,0,0.0
739,52,0,0.0
740,52,0,0.0
741,52,0,0.0
742,52,0,0.0
743,52,0,0.0
744,52,0,0.0
745,52,0,0.0
746,52,0,0.0
747,52,0,0.0
748,52,0,0.0
749,52,0,0.0
750,52,0,0.0
751,52,0,0.0
752,52,0,0.0
753,52,0,0.0
754,52,0,0.0
755,52,0,0.0
756,52,0,0.0
757,52,0,0.0
758,52,0,0.0
759,52,0,0.0
760,52,0,0.0
761,52,0,0.0
762,52,0,0.0
763,52,0,0.0
764,52,0,0.0
765,52,0,0.0
766,52,0,0.0
767,52,0,0.0
768,52,0,0.0
769,52,0,0.0
770,52,0,0.0
771,52,0,0.0
772,52,0,0.0
773,52,0,0.0
774,52,0,0.0
775,52,0,0.0
776,52,0,0.0
777,52,0,0.0
778,52,0,0.0
779,52,0,0.0
780,52,0,0.0
781,52,0,0.0
782,52,0,0.0
783,52,0,0.0
784,52,0,0.0
785,52,0,0.0
786,52,0,0.0
787,52,0,0.0
788,52,0,0.0
789,52,0,0.0
790,52,0,0.0
791,52,0,0.0
792,52,0,0.0
793,52,0,0.0
794,52,0,0.0
795,52,0,0.0
796,52,0,0.0
797,52,0,0.0
798,52,0,0.0
799,52,0,0.0
800,52,0,0.0
801,52,0,0.0
802,52,0,0.0
803,52,0,0.0
804,52,0,0.0
805,52,0,0.0
806,52,0,0.0
807,52,0,0.0
808,52,0,0.0
809,52,0,0.0
810,52,0,0.0
811,52,0,0.0
812,52,0,0.0
813,52,0,0.0
814,52,0,0.0
815,52,0,0.0
816,52,0,0.0
817,52,0,0.0
818,52,0,0.0
819,52,0,0.0
820,52,0,0.0
821,52,0,0.0
822,52,0,0.0
823,52,0,0.0
824,52,0,0.0
825,52,0,0.0
826,52,0,0.0
827,52,0,0.0
828,52,0,0.0
829,52,0,0.0
830,52,0,0.0
831,52,0,0.0
832,52,0,0.0
833,52,0,0.0
834,52,0,0.0
835,52,0,0.0
836,52,0,0.0
837,52,0,0.0
838,52,0,0.0
839,52,0,0.0
840,52,0,0.0
841,52,0,0.0
842,52,0,0.0
843,52,0,0.0
844,52,0,0.0
845,52,0,0.0
846,52,0,0.0
847,52,0,0.0
848,52,0,0.0
849,52,0,0.0
850,52,0,0.0
851,52,0,0.0
852,52,0,0.0
853,52,0,0.0
854,52,0,0.0
855,52,0,0.0
856,52,0,0.0
857,52,0,0.0
858,52,0,0.0
859,52,0,0.0
860,52,0,0.0
861,52,0,0.0
862,52,0,0.0
863,52,0,0.0
864,52,0,0.0
865,52,0,0.0
866,52,0,0.0
867,52,0,0.0
868,52,0,0.0
869,52,0,0.0
870,52,0,0.0
871,52,0,0.0
872,52,0,0.0
873,52,0,0.0
874,52,0,0.0
875,52,0,0.0
876,52,0,0.0
877,52,0,0.0
878,52,0,0.0
879,52,0,0.0
880,52,0,0.0
881,52,0,0.0
882,52,0,0.0
883,52,0,0.0
884,52,0,0.0
885,52,0,0.0
886,52,0,0.0
887,52,0,0.0
888,52,0,0.0
889,52,0,0.0
890,52,0,0.0
891,52,0,0.0
892,52,0,0.0
893,52,0,0.0
894,52,0,0.0
895,52,0,0.0
896,52,0,0.0
897,52,0,0.0
898,52,0,0.0
899,52,0,0.0
900,52,0,0.0
901,52,0,0.0
902,52,0,0.0
903,52,0,0.0
904,52,0,0.0
905,52,0,0.0
906,52,0,0.0
907,52,0,0.0
908,52,0,0.0
909,52,0,0.0
910,52,0,0.0
911,52,0,0.0
912,52,0,0.0
913,52,0,0.0
914,52,0,0.0
915,52,0,0.0
916,52,0,0.0
917,52,0,0.0
918,52,0,0.0
919,52,0,0.0
920,52,0,0.0
921,52,0,0.0
922,52,0,0.0
923,52,0,0.0
924,52,0,0.0
925,52,0,0.0
926,52,0,0.0
927,52,0,0.0
928,52,0,0.0
929,52,0,0.0
930,52,0,0.0
931,52,0,0.0
932,52,0,0.0
933,52,0,0.0
934,52,0,0.0
935,52,0,0.0
936,52,0,0.0
937,52,0,0.0
938,52,0,0.0
939,52,0,0.0
940,52,0,0.0
941,52,0,0.0
942,52,0,0.0
943,52,0,0.0
944,52,0,0.0
945,52,0,0.0
946,52,0,0.0
947,52,0,0.0
948,52,0,0.0
949,52,0,0.0
950,52,0,0.0
951,52,0,0.0
952,52,0,0.0
953,52,0,0.0
954,52,0,0.0
955,52,0,0.0
956,52,0,0.0
957,52,0,0.0
958,52,0,0.0
959,52,0,0.0
960,52,0,0.0
961,52,0,0.0
962,52,0,0.0
963,52,0,0.0
964,52,0,0.0
965,52,0,0.0
966,52,0,0.0
967,52,0,0.0
968,52,0,0.0
969,52,0,0.0
970,52,0,0.0
971,52,0,0.0
972,52,0,0.0
973,52,0,0.0
974,52,0,0.0
975,52,0,0.0
976,52,0,0.0
977,52,0,0.0
978,52,0,0.0
979,52,0,0.0
980,52,0,0.0
981,52,0,0.0
982,52,0,0.0
983,52,0,0.0
984,52,0,0.0
985,52,0,0.0
986,52,0,0.0
987,52,0,0.0
988,52,0,0.0
989,52,0,0.0
990,52,0,0.0
991,52,0,0.0
992,52,0,0.0
993,52,0,0.0
994,52,0,0.0
995,52,0,0.0
996,52,0,0.0
997,52,0,0.0
998,52,0,0.0
999,52,0,0.0
1000,52,0,0.0
1001,52,0,0.0
1002,52,0,0.0
1003,52,0,0.0
1004,52,0,0.0
1005,52,0,0.0
1006,52,0,0.0
1007,52,0,0.0
1008,52,0,0.0
1009,52,0,0.0
1010,52,0,0.0
1011,52,0,0.0
1012,52,0,0.0
1013,52,0,0.0
1014,52,0,0.0
1015,52,0,0.0
1016,52,0,0.0
1017,52,0,0.0
1018,52,0,0.0
1019,52,0,0.0
1020,52,0,0.0
1021,52,0,0.0
1022,52,0,0.0
1023,52,0,0.0
1024,52,0,0.0
1025,52,0,0.0
1026,52,0,0.0
1027,52,0,0.0
1028,52,0,0.0
1029,52,0,0.0
1030,52,0,0.0
1031,52,0,0.0
1032,52,0,0.0
1033,52,0,0.0
1034,52,0,0.0
1035,52,0,0.0
1036,52,0,0.0
1037,52,0,0.0
1038,52,0,0.0
1039,52,0,0.0
1040,52,0,0.0
1041,52,0,0.0
1042,52,0,0.0
1043,52,0,0.0
1044,52,0,0.0
1045,52,0,0.0
1046,52,0,0.0
1047,52,0,0.0
1048,52,0,0.0
1049,52,0,0.0
1050,52,0,0.0
1051,52,0,0.0
1052,52,0,0.0
1053,52,0,0.0
1054,52,0,0.0
1055,52,0,0.0
1056,52,0,0.0
1057,52,0,0.0
1058,52,0,0.0
1059,52,0,0.0
1060,52,0,0.0
1061,52,0,0.0
1062,52,0,0.0
1063,52,0,0.0
1064,52,0,0.0
1065,52,0,0.0
1066,52,0,0.0
1067,52,0,0.0
1068,52,0,0.0
1069,52,0,0.0
1070,52,0,0.0
1071,52,0,0.0
1072,52,0,0.0
1073,52,0,0.0
1074,52,0,0.0
1075,52,0,0.0
1076,52,0,0.0
1077,52,0,0.0
1078,52,0,0.0
1079,52,0,0.0
1080,52,0,0.0
1081,52,0,0.0
1082,52,0,0.0
1083,52,0,0.0
1084,52,0,0.0
1085,52,0,0.0
1086,52,0,0.0
1087,52,0,0.0
1088,52,0,0.0
1089,52,0,0.0
1090,52,0,0.0
1091,52,0,0.0
1092,52,0,0.0
1093,52,0,0.0
1094,52,0,0.0
1095,52,0,0.0
1096,52,0,0.0
1097,52,0,0.0
1098,52,0,0.0
1099,52,0,0.0
1100,52,0,0.0
1101,52,0,0.0
1102,52,0,0.0
1103,52,0,0.0
1104,52,0,0.0
1105,52,0,0.0
1106,52,0,0.0
1107,52,0,0.0
1108,52,0,0.0
1109,52,0,0.0
1110,52,0,0.0
1111,52,0,0.0
1112,52,0,0.0
1113,52,0,0.0
1114,52,0,0.0
1115,52,0,0.0
1116,52,0,0.0
1117,52,0,0.0
1118,52,0,0.0
1119,52,0,0.0
1120,52,0,0.0
1121,52,0,0.0
1122,52,0,0.0
1123,52,0,0.0
1124,52,0,0.0
1125,52,0,0.0
1126,52,0,0.0
1127,52,0,0.0
1128,52,0,0.0
1129,52,0,0.0
1130,52,0,0.0
1131,52,0,0.0
1132,52,0,0.0
1133,52,0,0.0
1134,52,0,0.0
1135,52,0,0.0
1136,52,0,0.0
1137,52,0,0.0
1138,52,0,0.0
1139,52,0,0.0
1140,52,0,0.0
1141,52,0,0.0
1142,52,0,0.0
1143,52,0,0.0
1144,52,0,0.0
1145,52,0,0.0
1146,52,0,0.0
1147,52,0,0.0
1148,52,0,0.0
1149,52,0,0.0
1150,52,0,0.0
1151,52,0,0.0
1152,52,0,0.0
1153,52,0,0.0
1154,52,0,0.0
1155,52,0,0.0
1156,52,0,0.0
1157,52,0,0.0
1158,52,0,0.0
1159,52,0,0.0
1160,52,0,0.0
1161,52,0,0.0
1162,52,0,0.0
1163,52,0,0.0
1164,52,0,0.0
1165,52,0,0.0
1166,52,0,0.0
1167,52,0,0.0
1168,52,0,0.0
1169,52,0,0.0
1170,52,0,0.0
1171,52,0,0.0
1172,52,0,0.0
1173,52,0,0.0
1174,52,0,0.0
1175,52,0,0.0
1176,52,0,0.0
1177,52,0,0.0
1178,52,0,0.0
1179,52,0,0.0
1180,52,0,0.0
1181,52,0,0.0
1182,52,0,0.0
1183,52,0,0.0
1184,52,0,0.0
1185,52,52,100.0
1186,52,0,0.0
1187,52,0,0.0
1188,52,0,0.0
1189,52,0,0.0
1190,52,0,0.0
1191,52,0,0.0
1192,52,0,0.0
1193,52,0,0.0
1194,52,0,0.0
1195,52,0,0.0
1196,52,0,0.0
1197,52,0,0.0
1198,52,0,0.0
1199,52,0,0.0
1200,52,0,0.0
1201,52,0,0.0
1202,52,0,0.0
1203,52,0,0.0
1204,52,0,0.0
1205,52,0,0.0
1206,52,0,0.0
1207,52,0,0.0
1208,52,0,0.0
1209,52,0,0.0
1210,52,0,0.0
1211,52,0,0.0
1212,52,0,0.0
1213,52,0,0.0
1214,52,0,0.0
1215,52,0,0.0
1216,52,0,0.0
1217,52,0,0.0
1218,52,0,0.0
1219,52,0,0.0
1220,52,0,0.0
1221,52,0,0.0
1222,52,0,0.0
1223,52,0,0.0
1224,52,0,0.0
1225,52,0,0.0
1226,52,0,0.0
1227,52,0,0.0
1228,52,0,0.0
1229,52,0,0.0
1230,52,0,0.0
1231,52,0,0.0
1232,52,0,0.0
1233,52,0,0.0
1234,52,0,0.0
1235,52,0,0.0
1236,52,0,0.0
1237,52,0,0.0
1238,52,0,0.0
1239,52,0,0.0
1240,52,0,0.0
1241,52,0,0.0
1242,52,0,0.0
1243,52,0,0.0
1244,52,0,0.0
1245,52,0,0.0
1246,52,0,0.0
1247,52,0,0.0
1248,52,0,0.0
1249,52,0,0.0
1250,52,0,0.0
1251,52,0,0.0
1252,52,0,0.0
1253,52,0,0.0
1254,52,0,0.0
1255,52,0,0.0
1256,52,0,0.0
1257,52,0,0.0
1258,52,0,0.0
1259,52,0,0.0
1260,52,0,0.0
1261,52,0,0.0
1262,52,0,0.0
1263,52,0,0.0
1264,52,0,0.0
1265,52,0,0.0
1266,52,0,0.0
1267,52,0,0.0
1268,52,0,0.0
1269,52,0,0.0
1270,52,0,0.0
1271,52,0,0.0
1272,52,0,0.0
1273,52,0,0.0
1274,52,0,0.0
1275,52,0,0.0
1276,52,0,0.0
1277,52,0,0.0
1278,52,0,0.0
1279,52,0,0.0
1280,52,0,0.0
1281,52,0,0.0
1282,52,0,0.0
1283,52,0,0.0
1284,52,0,0.0
1285,52,0,0.0
1286,52,0,0.0
1287,52,0,0.0
1288,52,0,0.0
1289,52,0,0.0
1290,52,0,0.0
1291,52,0,0.0
1292,52,0,0.0
1293,52,0,0.0
1294,52,0,0.0
1295,52,0,0.0
1296,52,0,0.0
1297,52,0,0.0
1298,52,0,0.0
1299,52,0,0.0
1300,52,0,0.0
1301,52,0,0.0
1302,52,0,0.0
1303,52,0,0.0
1304,52,0,0.0
1305,52,0,0.0
1306,52,0,0.0
1307,52,0,0.0
1308,52,0,0.0
1309,52,0,0.0
1310,52,0,0.0
1311,52,0,0.0
1312,52,0,0.0
1313,52,0,0.0
1314,52,0,0.0
1315,52,0,0.0
1316,52,0,0.0
1317,52,0,0.0
1318,52,0,0.0
1319,52,0,0.0
1320,52,0,0.0
1321,52,0,0.0
1322,52,0,0.0
1323,52,0,0.0
1324,52,0,0.0
1325,52,0,0.0
1326,52,0,0.0
1327,52,0,0.0
1328,52,0,0.0
1329,52,0,0.0
1330,52,0,0.0
1331,52,0,0.0
1332,52,0,0.0
1333,52,0,0.0
1334,52,0,0.0
1335,52,0,0.0
1336,52,0,0.0
1337,52,0,0.0
1338,52,0,0.0
1339,52,0,0.0
1340,52,0,0.0
1341,52,0,0.0
1342,52,0,0.0
1343,52,0,0.0
1344,52,0,0.0
1345,52,0,0.0
1346,52,0,0.0
1347,52,0,0.0
1348,52,0,0.0
1349,52,0,0.0
1350,52,0,0.0
1351,52,0,0.0
1352,52,0,0.0
1353,52,0,0.0
1354,52,0,0.0
1355,52,0,0.0
1356,52,0,0.0
1357,52,0,0.0
1358,52,0,0.0
1359,52,0,0.0
1360,52,0,0.0
1361,52,0,0.0
1362,52,0,0.0
1363,52,0,0.0
1364,52,0,0.0
1365,52,0,0.0
1366,52,0,0.0
1367,52,0,0.0
1368,52,0,0.0
1369,52,0,0.0
1370,52,0,0.0
1371,52,0,0.0
1372,52,0,0.0
1373,52,0,0.0
1374,52,0,0.0
1375,52,0,0.0
1376,52,0,0.0
1377,52,0,0.0
1378,52,0,0.0
1379,52,0,0.0
1380,52,0,0.0
1381,52,0,0.0
1382,52,0,0.0
1383,52,0,0.0
1384,52,0,0.0
1385,52,0,0.0
1386,52,0,0.0
1387,52,0,0.0
1388,52,0,0.0
1389,52,0,0.0
1390,52,0,0.0
1391,52,0,0.0
1392,52,0,0.0
1393,52,0,0.0
1394,52,0,0.0
1395,52,0,0.0
1396,52,0,0.0
1397,52,0,0.0
1398,52,0,0.0
1399,52,0,0.0
1400,52,0,0.0
1401,52,0,0.0
1402,52,0,0.0
1403,52,0,0.0
1404,52,0,0.0
1405,52,0,0.0
1406,52,0,0.0
1407,52,0,0.0
1408,52,0,0.0
1409,52,0,0.0
1410,52,0,0.0
1411,52,0,0.0
1412,52,0,0.0
1413,52,0,0.0
1414,52,0,0.0
1415,52,0,0.0
1416,52,0,0.0
1417,52,0,0.0
1418,52,0,0.0
1419,52,0,0.0
1420,52,0,0.0
1421,52,0,0.0
1422,52,0,0.0
1423,52,0,0.0
1424,52,0,0.0
1425,52,0,0.0
1426,52,0,0.0
1427,52,0,0.0
1428,52,0,0.0
1429,52,0,0.0
1430,52,0,0.0
1431,52,0,0.0
1432,52,0,0.0
1433,52,0,0.0
1434,52,0,0.0
1435,52,0,0.0
1436,52,0,0.0
1437,52,0,0.0
1438,52,0,0.0
1439,52,0,0.0
1440,52,0,0.0
1441,52,0,0.0
1442,52,0,0.0
1443,52,0,0.0
1444,52,0,0.0
1445,52,0,0.0
1446,52,0,0.0
1447,52,0,0.0
1448,52,0,0.0
1449,52,0,0.0
1450,52,0,0.0
1451,52,0,0.0
1452,52,0,0.0
1453,52,0,0.0
1454,52,0,0.0
1455,52,0,0.0
1456,52,0,0.0
1457,52,0,0.0
1458,52,0,0.0
1459,52,0,0.0
1460,52,0,0.0
1461,52,0,0.0
1462,52,0,0.0
1463,52,0,0.0
1464,52,0,0.0
1465,52,0,0.0
1466,52,0,0.0
1467,52,0,0.0
1468,52,0,0.0
1469,52,0,0.0
1470,52,0,0.0
1471,52,0,0.0
1472,52,0,0.0
1473,52,0,0.0
1474,52,0,0.0
1475,52,0,0.0
1476,52,0,0.0
1477,52,0,0.0
1478,52,0,0.0
1479,52,0,0.0
1480,52,0,0.0
1481,52,0,0.0
1482,52,0,0.0
1483,52,0,0.0
1484,52,0,0.0
1485,52,0,0.0
1486,52,0,0.0
1487,52,0,0.0
1488,52,0,0.0
1489,52,0,0.0
1490,52,0,0.0
1491,52,0,0.0
1492,52,0,0.0
1493,52,0,0.0
1494,52,0,0.0
1495,52,0,0.0
1496,52,0,0.0
1497,52,0,0.0
1498,52,0,0.0
1499,52,0,0.0
1500,52,0,0.0
1501,52,0,0.0
1502,52,0,0.0
1503,52,0,0.0
1504,52,0,0.0
1505,52,0,0.0
1506,52,0,0.0
1507,52,0,0.0
1508,52,0,0.0
1509,52,0,0.0
1510,52,0,0.0
1511,52,0,0.0
1512,52,0,0.0
1513,52,0,0.0
1514,52,0,0.0
1515,52,0,0.0
1516,52,0,0.0
1517,52,0,0.0
1518,52,0,0.0
1519,52,0,0.0
1520,52,0,0.0
1521,52,0,0.0
1522,52,0,0.0
1523,52,0,0.0
1524,52,0,0.0
1525,52,0,0.0
1526,52,0,0.0
1527,52,0,0.0
1528,52,0,0.0
1529,52,0,0.0
1530,52,0,0.0
1531,52,0,0.0
1532,52,0,0.0
1533,52,0,0.0
1534,52,0,0.0
1535,52,0,0.0
1536,52,0,0.0
1537,52,0,0.0
1538,52,0,0.0
1539,52,0,0.0
1540,52,0,0.0
1541,52,0,0.0
1542,52,0,0.0
1543,52,0,0.0
1544,52,0,0.0
1545,52,0,0.0
1546,52,0,0.0
1547,52,0,0.0
1548,52,0,0.0
1549,52,0,0.0
1550,52,0,0.0
1551,52,0,0.0
1552,52,0,0.0
1553,52,0,0.0
1554,52,0,0.0
1555,52,0,0.0
1556,52,0,0.0
1557,52,0,0.0
1558,52,0,0.0
1559,52,0,0.0
1560,52,0,0.0
1561,52,0,0.0
1562,52,0,0.0
1563,52,0,0.0
1564,52,0,0.0
1565,52,0,0.0
1566,52,0,0.0
1567,52,0,0.0
1568,52,0,0.0
1569,52,0,0.0
1570,52,0,0.0
1571,52,0,0.0
1572,52,0,0.0
1573,52,0,0.0
1574,52,0,0.0
1575,52,0,0.0
1576,52,0,0.0
1577,52,0,0.0
1578,52,0,0.0
1579,52,0,0.0
1580,52,0,0.0
1581,52,0,0.0
1582,52,0,0.0
1583,52,0,0.0
1584,52,0,0.0
1585,52,0,0.0
1586,52,0,0.0
1587,52,0,0.0
1588,52,0,0.0
1589,52,0,0.0
1590,52,0,0.0
1591,52,0,0.0
1592,52,0,0.0
1593,52,0,0.0
1594,52,0,0.0
1595,52,0,0.0
1596,52,0,0.0
1597,52,0,0.0
1598,52,0,0.0
1599,52,0,0.0
1600,52,0,0.0
1601,52,0,0.0
1602,52,0,0.0
1603,52,0,0.0
1604,52,0,0.0
1605,52,0,0.0
1606,52,0,0.0
1607,52,0,0.0
1608,52,0,0.0
1609,52,0,0.0
1610,52,0,0.0
1611,52,0,0.0
1612,52,0,0.0
1613,52,0,0.0
1614,52,0,0.0
1615,52,0,0.0
1616,52,0,0.0
1617,52,0,0.0
1618,52,0,0.0
1619,52,0,0.0
1620,52,0,0.0
1621,52,0,0.0
1622,52,0,0.0
1623,52,0,0.0
1624,52,0,0.0
1625,52,0,0.0
1626,52,0,0.0
1627,52,0,0.0
1628,52,0,0.0
1629,52,0,0.0
1630,52,0,0.0
1631,52,0,0.0
1632,52,0,0.0
1633,52,0,0.0
1634,52,0,0.0
1635,52,0,0.0
1636,52,0,0.0
1637,52,0,0.0
1638,52,0,0.0
1639,52,0,0.0
1640,52,0,0.0
1641,52,0,0.0
1642,52,0,0.0
1643,52,0,0.0
1644,52,0,0.0
1645,52,0,0.0
1646,52,0,0.0
1647,52,0,0.0
1648,52,0,0.0
1649,52,0,0.0
1650,52,0,0.0
1651,52,0,0.0
1652,52,0,0.0
1653,52,0,0.0
1654,52,0,0.0
1655,52,0,0.0
1656,52,0,0.0
1657,52,0,0.0
1658,52,0,0.0
1659,52,0,0.0
1660,52,0,0.0
1661,52,0,0.0
1662,52,0,0.0
1663,52,0,0.0
1664,52,0,0.0
1665,52,0,0.0
1666,52,0,0.0
1667,52,0,0.0
1668,52,0,0.0
1669,52,0,0.0
1670,52,0,0.0
1671,52,0,0.0
1672,52,0,0.0
1673,52,0,0.0
1674,52,0,0.0
1675,52,0,0.0
1676,52,0,0.0
1677,52,0,0.0
1678,52,0,0.0
1679,52,0,0.0
1680,52,0,0.0
1681,52,0,0.0
1682,52,0,0.0
1683,52,0,0.0
1684,52,0,0.0
1685,52,0,0.0
1686,52,0,0.0
1687,52,0,0.0
1688,52,0,0.0
1689,52,0,0.0
1690,52,0,0.0
1691,52,0,0.0
1692,52,0,0.0
1693,52,0,0.0
1694,52,0,0.0
1695,52,0,0.0
1696,52,0,0.0
1697,52,0,0.0
1698,52,0,0.0
1699,52,0,0.0
1700,52,0,0.0
1701,52,0,0.0
1702,52,0,0.0
1703,52,0,0.0
1704,52,0,0.0
1705,52,0,0.0
1706,52,0,0.0
1707,52,0,0.0
1708,52,0,0.0
1709,52,0,0.0
1710,52,0,0.0
1711,52,0,0.0
1712,52,0,0.0
1713,52,0,0.0
1714,52,0,0.0
1715,52,0,0.0
1716,52,0,0.0
1717,52,0,0.0
1718,52,0,0.0
1719,52,0,0.0
1720,52,0,0.0
1721,52,0,0.0
1722,52,0,0.0
1723,52,0,0.0
1724,52,0,0.0
1725,52,0,0.0
1726,52,0,0.0
1727,52,0,0.0
1728,52,0,0.0
1729,52,0,0.0
1730,52,0,0.0
1731,52,0,0.0
1732,52,0,0.0
1733,52,0,0.0
1734,52,0,0.0
1735,52,0,0.0
1736,52,0,0.0
1737,52,0,0.0
1738,52,0,0.0
1739,52,0,0.0
1740,52,0,0.0
1741,52,0,0.0
1742,52,0,0.0
1743,52,0,0.0
1744,52,0,0.0
1745,52,0,0.0
1746,52,0,0.0
1747,52,0,0.0
1748,52,0,0.0
1749,52,0,0.0
1750,52,0,0.0
1751,52,0,0.0
1752,52,0,0.0
1753,52,0,0.0
1754,52,0,0.0
1755,52,0,0.0
1756,52,0,0.0
1757,52,0,0.0
1758,52,0,0.0
1759,52,0,0.0
1760,52,0,0.0
1761,52,0,0.0
1762,52,0,0.0
1763,52,0,0.0
1764,52,0,0.0
1765,52,0,0.0
1766,52,0,0.0
1767,52,0,0.0
1768,52,0,0.0
1769,52,0,0.0
1770,52,0,0.0
1771,52,0,0.0
1772,52,0,0.0
1773,52,0,0.0
1774,52,0,0.0
1775,52,0,0.0
1776,52,0,0.0
1777,52,0,0.0
1778,52,0,0.0
1779,52,0,0.0
1780,52,0,0.0
1781,52,0,0.0
1782,52,0,0.0
1783,52,0,0.0
1784,52,0,0.0
1785,52,0,0.0
1786,52,0,0.0
1787,52,0,0.0
1788,52,0,0.0
1789,52,0,0.0
1790,52,0,0.0
1791,52,0,0.0
1792,52,0,0.0
1793,52,0,0.0
1794,52,0,0.0
1795,52,0,0.0
1796,52,0,0.0
1797,52,0,0.0
1798,52,0,0.0
1799,52,0,0.0
1800,52,0,0.0
1801,52,0,0.0
1802,52,0,0.0
1803,52,0,0.0
1804,52,0,0.0
1805,52,0,0.0
1806,52,0,0.0
1807,52,0,0.0
1808,52,0,0.0
1809,52,0,0.0
1810,52,0,0.0
1811,52,0,0.0
1812,52,0,0.0
1813,52,0,0.0
1814,52,0,0.0
1815,52,0,0.0
1816,52,0,0.0
1817,52,0,0.0
1818,52,0,0.0
1819,52,0,0.0
1820,52,0,0.0
1821,52,0,0.0
1822,52,0,0.0
1823,52,0,0.0
1824,52,0,0.0
1825,52,0,0.0
1826,52,0,0.0
1827,52,0,0.0
1828,52,0,0.0
1829,52,0,0.0
1830,52,0,0.0
1831,52,0,0.0
1832,52,0,0.0
1833,52,0,0.0
1834,52,0,0.0
1835,52,0,0.0
1836,52,0,0.0
1837,52,0,0.0
1838,52,0,0.0
1839,52,0,0.0
1840,52,0,0.0
1841,52,0,0.0
1842,52,0,0.0
1843,52,0,0.0
1844,52,0,0.0
1845,52,0,0.0
1846,52,0,0.0
1847,52,0,0.0
1848,52,0,0.0
1849,52,0,0.0
1850,52,0,0.0
1851,52,0,0.0
1852,52,0,0.0
1853,52,0,0.0
1854,52,0,0.0
1855,52,0,0.0
1856,52,0,0.0
1857,52,0,0.0
1858,52,0,0.0
1859,52,0,0.0
1860,52,0,0.0
1861,52,0,0.0
1862,52,0,0.0
1863,52,0,0.0
1864,52,0,0.0
1865,52,0,0.0
1866,52,0,0.0
1867,52,0,0.0
1868,52,0,0.0
1869,52,0,0.0
1870,52,0,0.0
1871,52,0,0.0
1872,52,0,0.0
1873,52,0,0.0
1874,52,0,0.0
1875,52,0,0.0
1876,52,0,0.0
1877,52,0,0.0
1878,52,0,0.0
1879,52,0,0.0
1880,52,0,0.0
1881,52,0,0.0
1882,52,0,0.0
1883,52,0,0.0
1884,52,0,0.0
1885,52,0,0.0
1886,52,0,0.0
1887,52,0,0.0
1888,52,0,0.0
1889,52,0,0.0
1890,52,0,0.0
1891,52,0,0.0
1892,52,0,0.0
1893,52,0,0.0
1894,52,0,0.0
1895,52,0,0.0
1896,52,0,0.0
1897,52,0,0.0
1898,52,0,0.0
1899,52,0,0.0
1900,52,0,0.0
1901,52,0,0.0
1902,52,0,0.0
1903,52,0,0.0
1904,52,0,0.0
1905,52,0,0.0
1906,52,0,0.0
1907,52,0,0.0
1908,52,0,0.0
1909,52,0,0.0
1910,52,0,0.0
1911,52,0,0.0
1912,52,0,0.0
1913,52,0,0.0
1914,52,0,0.0
1915,52,0,0.0
1916,52,0,0.0
1917,52,0,0.0
1918,52,0,0.0
1919,52,0,0.0
1920,52,0,0.0
1921,52,0,0.0
1922,52,0,0.0
1923,52,0,0.0
1924,52,0,0.0
1925,52,0,0.0
1926,52,0,0.0
1927,52,0,0.0
1928,52,0,0.0
1929,52,0,0.0
1930,52,0,0.0
1931,52,0,0.0
1932,52,0,0.0
1933,52,0,0.0
1934,52,0,0.0
1935,52,0,0.0
1936,52,0,0.0
1937,52,0,0.0
1938,52,0,0.0
1939,52,0,0.0
1940,52,0,0.0
1941,52,0,0.0
1942,52,0,0.0
1943,52,0,0.0
1944,52,0,0.0
1945,52,0,0.0
1946,52,0,0.0
1947,52,0,0.0
1948,52,0,0.0
1949,52,0,0.0
1950,52,0,0.0
1951,52,0,0.0
1952,52,0,0.0
1953,52,0,0.0
1954,52,0,0.0
1955,52,0,0.0
1956,52,0,0.0
1957,52,0,0.0
1958,52,0,0.0
1959,52,0,0.0
1960,52,0,0.0
1961,52,0,0.0
1962,52,0,0.0
1963,52,0,0.0
1964,52,0,0.0
1965,52,0,0.0
1966,52,0,0.0
1967,52,0,0.0
1968,52,0,0.0
1969,52,0,0.0
1970,52,0,0.0
1971,52,0,0.0
1972,52,0,0.0
1973,52,0,0.0
1974,52,0,0.0
1975,52,0,0.0
1976,52,0,0.0
1977,52,0,0.0
1978,52,0,0.0
1979,52,0,0.0
1980,52,0,0.0
1981,52,0,0.0
1982,52,0,0.0
1983,52,0,0.0
1984,52,0,0.0
1985,52,0,0.0
1986,52,0,0.0
1987,52,0,0.0
1988,52,0,0.0
1989,52,0,0.0
1990,52,0,0.0
1991,52,0,0.0
1992,52,0,0.0
1993,52,0,0.0
1994,52,0,0.0
1995,52,0,0.0
1996,52,0,0.0
1997,52,0,0.0
1998,52,0,0.0
1999,52,0,0.0
2000,52,0,0.0
2001,52,0,0.0
2002,52,0,0.0
2003,52,0,0.0
2004,52,0,0.0
2005,52,0,0.0
2006,52,0,0.0
2007,52,0,0.0
2008,52,0,0.0
2009,52,0,0.0
2010,52,0,0.0
2011,52,0,0.0
2012,52,0,0.0
2013,52,0,0.0
2014,52,0,0.0
2015,52,0,0.0
2016,52,0,0.0
2017,52,0,0.0
2018,52,0,0.0
2019,52,0,0.0
2020,52,0,0.0
2021,52,0,0.0
2022,52,0,0.0
2023,52,0,0.0
2024,52,0,0.0
2025,52,0,0.0
2026,52,0,0.0
2027,52,0,0.0
2028,52,0,0.0
2029,52,0,0.0
2030,52,0,0.0
2031,52,0,0.0
2032,52,0,0.0
2033,52,0,0.0
2034,52,0,0.0
2035,52,0,0.0
2036,52,0,0.0
2037,52,0,0.0
2038,52,0,0.0
2039,52,0,0.0
2040,52,0,0.0
2041,52,0,0.0
2042,52,0,0.0
2043,52,0,0.0
2044,52,0,0.0
2045,52,0,0.0
2046,52,0,0.0
2047,52,0,0.0
2048,52,0,0.0
2049,52,0,0.0
2050,52,0,0.0
2051,52,0,0.0
2052,52,0,0.0
2053,52,0,0.0
2054,52,0,0.0
2055,52,0,0.0
2056,52,0,0.0
2057,52,0,0.0
2058,52,0,0.0
2059,52,0,0.0
2060,52,0,0.0
2061,52,0,0.0
2062,52,0,0.0
2063,52,0,0.0
2064,52,0,0.0
2065,52,0,0.0
2066,52,0,0.0
2067,52,0,0.0
2068,52,0,0.0
2069,52,0,0.0
2070,52,0,0.0
2071,52,0,0.0
2072,52,0,0.0
2073,52,0,0.0
2074,52,0,0.0
2075,52,0,0.0
2076,52,0,0.0
2077,52,0,0.0
2078,52,0,0.0
2079,52,0,0.0
2080,52,0,0.0
2081,52,0,0.0
2082,52,0,0.0
2083,52,0,0.0
2084,52,0,0.0
2085,52,0,0.0
2086,52,0,0.0
2087,52,0,0.0
2088,52,0,0.0
2089,52,0,0.0
2090,52,0,0.0
2091,52,0,0.0
2092,52,0,0.0
2093,52,0,0.0
2094,52,0,0.0
2095,52,0,0.0
2096,52,0,0.0
2097,52,0,0.0
2098,52,0,0.0
2099,52,0,0.0
2100,52,0,0.0
2101,52,0,0.0
2102,52,0,0.0
2103,52,0,0.0
2104,52,0,0.0
2105,52,0,0.0
2106,52,0,0.0
2107,52,0,0.0
2108,52,0,0.0
2109,52,0,0.0
2110,52,0,0.0
2111,52,0,0.0
2112,52,0,0.0
2113,52,0,0.0
2114,52,0,0.0
2115,52,0,0.0
2116,52,0,0.0
2117,52,0,0.0
2118,52,0,0.0
2119,52,0,0.0
2120,52,0,0.0
2121,52,0,0.0
2122,52,0,0.0
2123,52,0,0.0
2124,52,0,0.0
2125,52,0,0.0
2126,52,0,0.0
2127,52,0,0.0
2128,52,0,0.0
2129,52,0,0.0
2130,52,0,0.0
2131,52,0,0.0
2132,52,0,0.0
2133,52,0,0.0
2134,52,0,0.0
2135,52,0,0.0
2136,52,0,0.0
2137,52,0,0.0
2138,52,0,0.0
2139,52,0,0.0
2140,52,0,0.0
2141,52,0,0.0
2142,52,0,0.0
2143,52,0,0.0
2144,52,0,0.0
2145,52,0,0.0
2146,52,0,0.0
2147,52,0,0.0
2148,52,0,0.0
2149,52,0,0.0
2150,52,0,0.0
2151,52,0,0.0
2152,52,0,0.0
2153,52,0,0.0
2154,52,0,0.0
2155,52,0,0.0
2156,52,0,0.0
2157,52,0,0.0
2158,52,0,0.0
2159,52,0,0.0
2160,52,0,0.0
2161,52,0,0.0
2162,52,0,0.0
2163,52,0,0.0
2164,52,0,0.0
2165,52,0,0.0
2166,52,0,0.0
2167,52,0,0.0
2168,52,0,0.0
2169,52,0,0.0
2170,52,0,0.0
2171,52,0,0.0
2172,52,0,0.0
2173,52,0,0.0
2174,52,0,0.0
2175,52,0,0.0
2176,52,0,0.0
2177,52,0,0.0
2178,52,0,0.0
2179,52,0,0.0
2180,52,0,0.0
2181,52,0,0.0
2182,52,0,0.0
2183,52,0,0.0
2184,52,0,0.0
2185,52,0,0.0
2186,52,0,0.0
2187,52,0,0.0
2188,52,0,0.0
2189,52,0,0.0
2190,52,0,0.0
2191,52,0,0.0
2192,52,0,0.0
2193,52,0,0.0
2194,52,0,0.0
2195,52,0,0.0
2196,52,0,0.0
2197,52,0,0.0
2198,52,0,0.0
2199,52,0,0.0
2200,52,0,0.0
2201,52,0,0.0
2202,52,0,0.0
2203,52,0,0.0
2204,52,0,0.0
2205,52,0,0.0
2206,52,0,0.0
2207,52,0,0.0
2208,52,0,0.0
2209,52,0,0.0
2210,52,0,0.0
2211,52,0,0.0
2212,52,0,0.0
2213,52,0,0.0
2214,52,0,0.0
2215,52,0,0.0
2216,52,0,0.0
2217,52,0,0.0
2218,52,0,0.0
2219,52,0,0.0
2220,52,0,0.0
2221,52,0,0.0
2222,52,0,0.0
2223,52,0,0.0
2224,52,0,0.0
2225,52,0,0.0
2226,52,0,0.0
2227,52,0,0.0
2228,52,0,0.0
2229,52,0,0.0
2230,52,0,0.0
2231,52,0,0.0
2232,52,0,0.0
2233,52,0,0.0
2234,52,0,0.0
2235,52,0,0.0
2236,52,0,0.0
2237,52,0,0.0
2238,52,0,0.0
2239,52,0,0.0
2240,52,0,0.0
2241,52,0,0.0
2242,52,0,0.0
2243,52,0,0.0
2244,52,0,0.0
2245,52,0,0.0
2246,52,0,0.0
2247,52,0,0.0
2248,52,0,0.0
2249,52,0,0.0
2250,52,0,0.0
2251,52,0,0.0
2252,52,0,0.0
2253,52,0,0.0
2254,52,0,0.0
2255,52,0,0.0
2256,52,0,0.0
2257,52,0,0.0
2258,52,0,0.0
2259,52,0,0.0
2260,52,0,0.0
2261,52,0,0.0
2262,52,0,0.0
2263,52,0,0.0
2264,52,0,0.0
2265,52,0,0.0
2266,52,0,0.0
2267,52,0,0.0
2268,52,0,0.0
2269,52,0,0.0
2270,52,0,0.0
2271,52,0,0.0
2272,52,0,0.0
2273,52,0,0.0
2274,52,0,0.0
2275,52,0,0.0
2276,52,0,0.0
2277,52,0,0.0
2278,52,0,0.0
2279,52,0,0.0
2280,52,0,0.0
2281,52,0,0.0
2282,52,0,0.0
2283,52,0,0.0
2284,52,0,0.0
2285,52,0,0.0
2286,52,0,0.0
2287,52,0,0.0
2288,52,0,0.0
2289,52,0,0.0
2290,52,0,0.0
2291,52,0,0.0
2292,52,0,0.0
2293,52,0,0.0
2294,52,0,0.0
2295,52,0,0.0
2296,52,0,0.0
2297,52,0,0.0
2298,52,0,0.0
2299,52,0,0.0
2300,52,0,0.0
2301,52,0,0.0
2302,52,0,0.0
2303,52,0,0.0
2304,52,0,0.0
2305,52,0,0.0
2306,52,0,0.0
2307,52,0,0.0
2308,52,0,0.0
2309,52,0,0.0
2310,52,0,0.0
2311,52,0,0.0
2312,52,0,0.0
2313,52,0,0.0
2314,52,0,0.0
2315,52,0,0.0
2316,52,0,0.0
2317,52,0,0.0
2318,52,0,0.0
2319,52,0,0.0
2320,52,0,0.0
2321,52,0,0.0
2322,52,0,0.0
2323,52,0,0.0
2324,52,0,0.0
2325,52,0,0.0
2326,52,0,0.0
2327,52,0,0.0
2328,52,0,0.0
2329,52,0,0.0
2330,52,0,0.0
2331,52,0,0.0
2332,52,0,0.0
2333,52,0,0.0
2334,52,0,0.0
2335,52,0,0.0
2336,52,0,0.0
2337,52,0,0.0
2338,52,0,0.0
2339,52,0,0.0
2340,52,0,0.0
2341,52,0,0.0
2342,52,0,0.0
2343,52,0,0.0
2344,52,0,0.0
2345,52,0,0.0
2346,52,0,0.0
2347,52,0,0.0
2348,52,0,0.0
2349,52,0,0.0
2350,52,0,0.0
2351,52,0,0.0
2352,52,0,0.0
2353,52,0,0.0
2354,52,0,0.0
2355,52,0,0.0
2356,52,0,0.0
2357,52,0,0.0
2358,52,0,0.0
2359,52,0,0.0
2360,52,0,0.0
2361,52,0,0.0
2362,52,0,0.0
2363,52,0,0.0
2364,52,0,0.0
2365,52,0,0.0
2366,52,0,0.0
2367,52,0,0.0
2368,52,0,0.0
2369,52,0,0.0
2370,52,0,0.0
2371,52,0,0.0
2372,52,0,0.0
2373,52,0,0.0
2374,52,0,0.0
2375,52,0,0.0
2376,52,0,0.0
2377,52,0,0.0
2378,52,0,0.0
2379,52,0,0.0
2380,52,0,0.0
2381,52,0,0.0
2382,52,0,0.0
2383,52,0,0.0
2384,52,0,0.0
2385,52,0,0.0
2386,52,0,0.0
2387,52,0,0.0
2388,52,0,0.0
2389,52,0,0.0
2390,52,0,0.0
2391,52,0,0.0
2392,52,0,0.0
2393,52,0,0.0
2394,52,0,0.0
2395,52,0,0.0
2396,52,0,0.0
2397,52,0,0.0
2398,52,0,0.0
2399,52,0,0.0
2400,52,0,0.0
2401,52,0,0.0
2402,52,0,0.0
2403,52,0,0.0
2404,52,0,0.0
2405,52,0,0.0
2406,52,0,0.0
2407,52,0,0.0
2408,52,0,0.0
2409,52,0,0.0
2410,52,0,0.0
2411,52,0,0.0
2412,52,0,0.0
2413,52,0,0.0
2414,52,0,0.0
2415,52,0,0.0
2416,52,0,0.0
2417,52,0,0.0
2418,52,0,0.0
2419,52,0,0.0
2420,52,0,0.0
2421,52,0,0.0
2422,52,0,0.0
2423,52,0,0.0
2424,52,0,0.0
2425,52,0,0.0
2426,52,0,0.0
2427,52,0,0.0
2428,52,0,0.0
2429,52,0,0.0
2430,52,0,0.0
2431,52,0,0.0
2432,52,0,0.0
2433,52,0,0.0
2434,52,0,0.0
2435,52,0,0.0
2436,52,0,0.0
2437,52,0,0.0
2438,52,0,0.0
2439,52,0,0.0
2440,52,0,0.0
2441,52,0,0.0
2442,52,0,0.0
2443,52,0,0.0
2444,52,0,0.0
2445,52,0,0.0
2446,52,0,0.0
2447,52,0,0.0
2448,52,0,0.0
2449,52,0,0.0
2450,52,0,0.0
2451,52,0,0.0
2452,52,0,0.0
2453,52,0,0.0
2454,52,0,0.0
2455,52,0,0.0
2456,52,0,0.0
2457,52,0,0.0
2458,52,0,0.0
2459,52,0,0.0
2460,52,0,0.0
2461,52,0,0.0
2462,52,0,0.0
2463,52,0,0.0
2464,52,0,0.0
2465,52,0,0.0
2466,52,0,0.0
2467,52,0,0.0
2468,52,0,0.0
2469,52,0,0.0
2470,52,0,0.0
2471,52,0,0.0
2472,52,0,0.0
2473,52,0,0.0
2474,52,0,0.0
2475,52,0,0.0
2476,52,0,0.0
2477,52,0,0.0
2478,52,0,0.0
2479,52,0,0.0
2480,52,0,0.0
2481,52,0,0.0
2482,52,0,0.0
2483,52,0,0.0
2484,52,0,0.0
2485,52,0,0.0
2486,52,0,0.0
2487,52,0,0.0
2488,52,0,0.0
2489,52,0,0.0
2490,52,0,0.0
2491,52,0,0.0
2492,52,0,0.0
2493,52,0,0.0
2494,52,0,0.0
2495,52,0,0.0
2496,52,0,0.0
2497,52,0,0.0
2498,52,0,0.0
2499,52,0,0.0
2500,52,0,0.0
2501,52,0,0.0
2502,52,0,0.0
2503,52,0,0.0
2504,52,0,0.0
2505,52,0,0.0
2506,52,0,0.0
2507,52,0,0.0
2508,52,0,0.0
2509,52,52,100.0
2510,52,0,0.0
2511,52,0,0.0
2512,52,0,0.0
2513,52,0,0.0
2514,52,0,0.0
2515,52,0,0.0
2516,52,0,0.0
2517,52,0,0.0
2518,52,0,0.0
2519,52,0,0.0
2520,52,0,0.0
2521,52,0,0.0
2522,52,0,0.0
2523,52,0,0.0
2524,52,0,0.0
2525,52,0,0.0
2526,52,0,0.0
2527,52,0,0.0
2528,52,0,0.0
2529,52,0,0.0
2530,52,0,0.0
2531,52,0,0.0
2532,52,0,0.0
2533,52,0,0.0
2534,52,0,0.0
2535,52,0,0.0
2536,52,0,0.0
2537,52,0,0.0
2538,52,0,0.0
2539,52,0,0.0
2540,52,0,0.0
2541,52,0,0.0
2542,52,0,0.0
2543,52,0,0.0
2544,52,0,0.0
2545,52,0,0.0
2546,52,0,0.0
2547,52,0,0.0
2548,52,0,0.0
2549,52,0,0.0
2550,52,0,0.0
2551,52,0,0.0
2552,52,0,0.0
2553,52,0,0.0
2554,52,0,0.0
2555,52,0,0.0
2556,52,0,0.0
2557,52,0,0.0
2558,52,0,0.0
2559,52,0,0.0
2560,52,0,0.0
2561,52,0,0.0
2562,52,0,0.0
2563,52,0,0.0
2564,52,0,0.0
2565,52,0,0.0
2566,52,0,0.0
2567,52,0,0.0
2568,52,0,0.0
2569,52,0,0.0
2570,52,0,0.0
2571,52,0,0.0
2572,52,0,0.0
2573,52,0,0.0
2574,52,0,0.0
2575,52,0,0.0
2576,52,0,0.0
2577,52,0,0.0
2578,52,0,0.0
2579,52,0,0.0
2580,52,0,0.0
2581,52,0,0.0
2582,52,0,0.0
2583,52,0,0.0
2584,52,0,0.0
2585,52,0,0.0
2586,52,0,0.0
2587,52,0,0.0
2588,52,0,0.0
2589,52,0,0.0
2590,52,0,0.0
2591,52,0,0.0
2592,52,0,0.0
2593,52,0,0.0
2594,52,0,0.0
2595,52,0,0.0
2596,52,0,0.0
2597,52,0,0.0
2598,52,0,0.0
2599,52,0,0.0
2600,52,0,0.0
2601,52,0,0.0
2602,52,0,0.0
2603,52,0,0.0
2604,52,0,0.0
2605,52,0,0.0
2606,52,0,0.0
2607,52,0,0.0
2608,52,0,0.0
2609,52,0,0.0
2610,52,0,0.0
2611,52,0,0.0
2612,52,0,0.0
2613,52,0,0.0
2614,52,0,0.0
2615,52,0,0.0
2616,52,0,0.0
2617,52,0,0.0
2618,52,0,0.0
2619,52,0,0.0
2620,52,0,0.0
2621,52,0,0.0
2622,52,0,0.0
2623,52,0,0.0
2624,52,0,0.0
2625,52,0,0.0
2626,52,0,0.0
2627,52,0,0.0
2628,52,0,0.0
2629,52,0,0.0
2630,52,0,0.0
2631,52,0,0.0
2632,52,0,0.0
2633,52,0,0.0
2634,52,0,0.0
2635,52,0,0.0
2636,52,0,0.0
2637,52,0,0.0
2638,52,0,0.0
2639,52,0,0.0
2640,52,0,0.0
2641,52,0,0.0
2642,52,0,0.0
2643,52,0,0.0
2644,52,0,0.0
2645,52,0,0.0
2646,52,0,0.0
2647,52,0,0.0
2648,52,0,0.0
2649,52,0,0.0
2650,52,0,0.0
2651,52,0,0.0
2652,52,0,0.0
2653,52,0,0.0
2654,52,0,0.0
2655,52,0,0.0
2656,52,0,0.0
2657,52,0,0.0
2658,52,0,0.0
2659,52,0,0.0
2660,52,0,0.0
2661,52,0,0.0
2662,52,0,0.0
2663,52,0,0.0
2664,52,0,0.0
2665,52,0,0.0
2666,52,0,0.0
2667,52,0,0.0
2668,52,0,0.0
2669,52,0,0.0
2670,52,0,0.0
2671,52,0,0.0
2672,52,0,0.0
2673,52,0,0.0
2674,52,0,0.0
2675,52,0,0.0
2676,52,0,0.0
2677,52,0,0.0
2678,52,0,0.0
2679,52,0,0.0
2680,52,0,0.0
2681,52,0,0.0
2682,52,0,0.0
2683,52,0,0.0
2684,52,0,0.0
2685,52,0,0.0
2686,52,0,0.0
2687,52,0,0.0
2688,52,0,0.0
2689,52,0,0.0
2690,52,0,0.0
2691,52,0,0.0
2692,52,0,0.0
2693,52,0,0.0
2694,52,0,0.0
2695,52,0,0.0
2696,52,0,0.0
2697,52,0,0.0
2698,52,0,0.0
2699,52,0,0.0
2700,52,0,0.0
2701,52,0,0.0
2702,52,0,0.0
2703,52,0,0.0
2704,52,0,0.0
2705,52,0,0.0
2706,52,0,0.0
2707,52,0,0.0
2708,52,0,0.0
2709,52,0,0.0
2710,52,0,0.0
2711,52,0,0.0
2712,52,0,0.0
2713,52,0,0.0
2714,52,0,0.0
2715,52,0,0.0
2716,52,52,100.0
2717,52,0,0.0
2718,52,0,0.0
2719,52,0,0.0
2720,52,0,0.0
2721,52,0,0.0
2722,52,0,0.0
2723,52,0,0.0
2724,52,0,0.0
2725,52,0,0.0
2726,52,0,0.0
2727,52,0,0.0
2728,52,0,0.0
2729,52,0,0.0
2730,52,0,0.0
2731,52,0,0.0
2732,52,0,0.0
2733,52,0,0.0
2734,52,0,0.0
2735,52,0,0.0
2736,52,0,0.0
2737,52,0,0.0
2738,52,0,0.0
2739,52,0,0.0
2740,52,0,0.0
2741,52,0,0.0
2742,52,0,0.0
2743,52,0,0.0
2744,52,0,0.0
2745,52,0,0.0
2746,52,0,0.0
2747,52,0,0.0
2748,52,0,0.0
2749,52,0,0.0
2750,52,0,0.0
2751,52,0,0.0
2752,52,0,0.0
2753,52,0,0.0
2754,52,0,0.0
2755,52,0,0.0
2756,52,0,0.0
2757,52,0,0.0
2758,52,0,0.0
2759,52,0,0.0
2760,52,0,0.0
2761,52,0,0.0
2762,52,0,0.0
2763,52,0,0.0
2764,52,0,0.0
2765,52,0,0.0
2766,52,0,0.0
2767,52,0,0.0
2768,52,0,0.0
2769,52,0,0.0
2770,52,0,0.0
2771,52,0,0.0
2772,52,0,0.0
2773,52,0,0.0
2774,52,0,0.0
2775,52,0,0.0
2776,52,0,0.0
2777,52,0,0.0
2778,52,0,0.0
2779,52,0,0.0
2780,52,0,0.0
2781,52,0,0.0
2782,52,0,0.0
2783,52,0,0.0
2784,52,0,0.0
2785,52,0,0.0
2786,52,0,0.0
2787,52,0,0.0
2788,52,0,0.0
2789,52,0,0.0
2790,52,0,0.0
2791,52,0,0.0
2792,52,0,0.0
2793,52,0,0.0
2794,52,0,0.0
2795,52,0,0.0
2796,52,0,0.0
2797,52,0,0.0
2798,52,0,0.0
2799,52,0,0.0
2800,52,0,0.0
2801,52,0,0.0
2802,52,0,0.0
2803,52,0,0.0
2804,52,0,0.0
2805,52,0,0.0
2806,52,0,0.0
2807,52,0,0.0
2808,52,0,0.0
2809,52,0,0.0
2810,52,0,0.0
2811,52,0,0.0
2812,52,0,0.0
2813,52,0,0.0
2814,52,0,0.0
2815,52,0,0.0
2816,52,0,0.0
2817,52,0,0.0
2818,52,0,0.0
2819,52,0,0.0
2820,52,0,0.0
2821,52,0,0.0
2822,52,0,0.0
2823,52,0,0.0
2824,52,0,0.0
2825,52,0,0.0
2826,52,0,0.0
2827,52,0,0.0
2828,52,0,0.0
2829,52,0,0.0
2830,52,0,0.0
2831,52,0,0.0
2832,52,0,0.0
2833,52,0,0.0
2834,52,0,0.0
2835,52,0,0.0
2836,52,0,0.0
2837,52,0,0.0
2838,52,0,0.0
2839,52,0,0.0
2840,52,0,0.0
2841,52,0,0.0
2842,52,0,0.0
2843,52,0,0.0
2844,52,0,0.0
2845,52,0,0.0
2846,52,0,0.0
2847,52,0,0.0
2848,52,0,0.0
2849,52,0,0.0
2850,52,0,0.0
2851,52,0,0.0
2852,52,0,0.0
2853,52,0,0.0
2854,52,0,0.0
2855,52,0,0.0
2856,52,0,0.0
2857,52,0,0.0
2858,52,0,0.0
2859,52,0,0.0
2860,52,0,0.0
2861,52,0,0.0
2862,52,0,0.0
2863,52,0,0.0
2864,52,0,0.0
2865,52,0,0.0
2866,52,0,0.0
2867,52,0,0.0
2868,52,0,0.0
2869,52,0,0.0
2870,52,0,0.0
2871,52,0,0.0
2872,52,0,0.0
2873,52,0,0.0
2874,52,0,0.0
2875,52,0,0.0
2876,52,0,0.0
2877,52,0,0.0
2878,52,0,0.0
2879,52,0,0.0
2880,52,0,0.0
2881,52,0,0.0
2882,52,0,0.0
2883,52,0,0.0
2884,52,0,0.0
2885,52,0,0.0
2886,52,0,0.0
2887,52,0,0.0
2888,52,0,0.0
2889,52,0,0.0
2890,52,0,0.0
2891,52,0,0.0
2892,52,0,0.0
2893,52,0,0.0
2894,52,0,0.0
2895,52,0,0.0
2896,52,0,0.0
2897,52,0,0.0
2898,52,0,0.0
2899,52,0,0.0
2900,52,0,0.0
2901,52,0,0.0
2902,52,0,0.0
2903,52,0,0.0
2904,52,0,0.0
2905,52,0,0.0
2906,52,0,0.0
2907,52,0,0.0
2908,52,0,0.0
2909,52,0,0.0
2910,52,0,0.0
2911,52,0,0.0
2912,52,0,0.0
2913,52,0,0.0
2914,52,0,0.0
2915,52,0,0.0
2916,52,0,0.0
2917,52,0,0.0
2918,52,0,0.0
2919,52,0,0.0
2920,52,0,0.0
2921,52,0,0.0
2922,52,0,0.0
2923,52,0,0.0
2924,52,0,0.0
2925,52,0,0.0
2926,52,0,0.0
2927,52,0,0.0
2928,52,0,0.0
2929,52,0,0.0
2930,52,0,0.0
2931,52,0,0.0
2932,52,0,0.0
2933,52,0,0.0
2934,52,0,0.0
2935,52,0,0.0
2936,52,0,0.0
2937,52,0,0.0
2938,52,0,0.0
2939,52,0,0.0
2940,52,0,0.0
2941,52,0,0.0
2942,52,0,0.0
2943,52,0,0.0
2944,52,0,0.0
2945,52,0,0.0
2946,52,0,0.0
2947,52,0,0.0
2948,52,0,0.0
2949,52,0,0.0
2950,52,0,0.0
2951,52,0,0.0
2952,52,0,0.0
2953,52,0,0.0
2954,52,0,0.0
2955,52,0,0.0
2956,52,0,0.0
2957,52,0,0.0
2958,52,0,0.0
2959,52,0,0.0
2960,52,0,0.0
2961,52,0,0.0
2962,52,0,0.0
2963,52,0,0.0
2964,52,0,0.0
2965,52,0,0.0
2966,52,0,0.0
2967,52,0,0.0
2968,52,0,0.0
2969,52,0,0.0
2970,52,0,0.0
2971,52,0,0.0
2972,52,0,0.0
2973,52,0,0.0
2974,52,0,0.0
2975,52,0,0.0
2976,52,0,0.0
2977,52,0,0.0
2978,52,0,0.0
2979,52,0,0.0
2980,52,0,0.0
2981,52,0,0.0
2982,52,0,0.0
2983,52,0,0.0
2984,52,0,0.0
2985,52,0,0.0
2986,52,0,0.0
2987,52,0,0.0
2988,52,0,0.0
2989,52,0,0.0
2990,52,0,0.0
2991,52,0,0.0
2992,52,0,0.0
2993,52,0,0.0
2994,52,0,0.0
2995,52,0,0.0
2996,52,0,0.0
2997,52,0,0.0
2998,52,0,0.0
2999,52,0,0.0
3000,52,0,0.0
3001,52,0,0.0
3002,52,0,0.0
3003,52,0,0.0
3004,52,0,0.0
3005,52,0,0.0
3006,52,0,0.0
3007,52,0,0.0
3008,52,0,0.0
3009,52,0,0.0
3010,52,0,0.0
3011,52,0,0.0
3012,52,0,0.0
3013,52,0,0.0
3014,52,0,0.0
3015,52,0,0.0
3016,52,0,0.0
3017,52,0,0.0
3018,52,0,0.0
3019,52,0,0.0
3020,52,0,0.0
3021,52,0,0.0
3022,52,0,0.0
3023,52,0,0.0
3024,52,0,0.0
3025,52,0,0.0
3026,52,0,0.0
3027,52,0,0.0
3028,52,0,0.0
3029,52,0,0.0
3030,52,0,0.0
3031,52,0,0.0
3032,52,0,0.0
3033,52,0,0.0
3034,52,0,0.0
3035,52,0,0.0
3036,52,0,0.0
3037,52,0,0.0
3038,52,0,0.0
3039,52,0,0.0
3040,52,0,0.0
3041,52,0,0.0
3042,52,0,0.0
3043,52,0,0.0
3044,52,0,0.0
3045,52,0,0.0
3046,52,0,0.0
3047,52,0,0.0
3048,52,0,0.0
3049,52,0,0.0
3050,52,0,0.0
3051,52,0,0.0
3052,52,0,0.0
3053,52,0,0.0
3054,52,0,0.0
3055,52,0,0.0
3056,52,0,0.0
3057,52,0,0.0
3058,52,0,0.0
3059,52,0,0.0
3060,52,0,0.0
3061,52,0,0.0
3062,52,0,0.0
3063,52,0,0.0
3064,52,0,0.0
3065,52,0,0.0
3066,52,0,0.0
3067,52,0,0.0
3068,52,0,0.0
3069,52,0,0.0
3070,52,0,0.0
3071,52,0,0.0
3072,52,0,0.0
3073,52,0,0.0
3074,52,0,0.0
3075,52,0,0.0
3076,52,0,0.0
3077,52,0,0.0
3078,52,0,0.0
3079,52,0,0.0
3080,52,0,0.0
3081,52,0,0.0
3082,52,0,0.0
3083,52,0,0.0
3084,52,0,0.0
3085,52,0,0.0
3086,52,0,0.0
3087,52,0,0.0
3088,52,0,0.0
3089,52,0,0.0
3090,52,0,0.0
3091,52,0,0.0
3092,52,0,0.0
3093,52,0,0.0
3094,52,0,0.0
3095,52,0,0.0
3096,52,0,0.0
3097,52,0,0.0
3098,52,0,0.0
3099,52,0,0.0
3100,52,0,0.0
3101,52,0,0.0
3102,52,0,0.0
3103,52,0,0.0
3104,52,0,0.0
3105,52,0,0.0
3106,52,0,0.0
3107,52,0,0.0
3108,52,0,0.0
3109,52,0,0.0
3110,52,0,0.0
3111,52,0,0.0
3112,52,0,0.0
3113,52,0,0.0
3114,52,0,0.0
3115,52,0,0.0
3116,52,0,0.0
3117,52,0,0.0
3118,52,0,0.0
3119,52,0,0.0
3120,52,0,0.0
3121,52,0,0.0
3122,52,0,0.0
3123,52,0,0.0
3124,52,0,0.0
3125,52,0,0.0
3126,52,0,0.0
3127,52,0,0.0
3128,52,0,0.0
3129,52,0,0.0
3130,52,0,0.0
3131,52,0,0.0
3132,52,0,0.0
3133,52,0,0.0
3134,52,0,0.0
3135,52,0,0.0
3136,52,0,0.0
3137,52,0,0.0
3138,52,0,0.0
3139,52,0,0.0
3140,52,0,0.0
3141,52,0,0.0
3142,52,0,0.0
3143,52,0,0.0
3144,52,0,0.0
3145,52,0,0.0
3146,52,0,0.0
3147,52,0,0.0
3148,52,0,0.0
3149,52,0,0.0
3150,52,0,0.0
3151,52,0,0.0
3152,52,0,0.0
3153,52,0,0.0
3154,52,0,0.0
3155,52,0,0.0
3156,52,0,0.0
3157,52,0,0.0
3158,52,0,0.0
3159,52,0,0.0
3160,52,0,0.0
3161,52,0,0.0
3162,52,0,0.0
3163,52,0,0.0
3164,52,0,0.0
3165,52,0,0.0
3166,52,0,0.0
3167,52,0,0.0
3168,52,0,0.0
3169,52,0,0.0
3170,52,0,0.0
3171,52,0,0.0
3172,52,0,0.0
3173,52,0,0.0
3174,52,0,0.0
3175,52,0,0.0
3176,52,0,0.0
3177,52,0,0.0
3178,52,0,0.0
3179,52,0,0.0
3180,52,0,0.0
3181,52,0,0.0
3182,52,0,0.0
3183,52,0,0.0
3184,52,0,0.0
3185,52,0,0.0
3186,52,0,0.0
3187,52,0,0.0
3188,52,0,0.0
3189,52,0,0.0
3190,52,0,0.0
3191,52,0,0.0
3192,52,0,0.0
3193,52,0,0.0
3194,52,0,0.0
3195,52,0,0.0
3196,52,0,0.0
3197,52,0,0.0
3198,52,0,0.0
3199,52,0,0.0
3200,52,0,0.0
3201,52,0,0.0
3202,52,0,0.0
3203,52,0,0.0
3204,52,0,0.0
3205,52,0,0.0
3206,52,0,0.0
3207,52,0,0.0
3208,52,0,0.0
3209,52,0,0.0
3210,52,0,0.0
3211,52,0,0.0
3212,52,0,0.0
3213,52,0,0.0
3214,52,0,0.0
3215,52,0,0.0
3216,52,0,0.0
3217,52,0,0.0
3218,52,0,0.0
3219,52,0,0.0
3220,52,0,0.0
3221,52,0,0.0
3222,52,0,0.0
3223,52,0,0.0
3224,52,0,0.0
3225,52,0,0.0
3226,52,0,0.0
3227,52,0,0.0
3228,52,0,0.0
3229,52,0,0.0
3230,52,0,0.0
3231,52,0,0.0
3232,52,0,0.0
3233,52,0,0.0
3234,52,0,0.0
3235,52,0,0.0
3236,52,0,0.0
3237,52,0,0.0
3238,52,0,0.0
3239,52,0,0.0
3240,52,0,0.0
3241,52,0,0.0
3242,52,0,0.0
3243,52,0,0.0
3244,52,0,0.0
3245,52,0,0.0
3246,52,0,0.0
3247,52,0,0.0
3248,52,0,0.0
3249,52,0,0.0
3250,52,0,0.0
3251,52,0,0.0
3252,52,0,0.0
3253,52,0,0.0
3254,52,0,0.0
3255,52,0,0.0
3256,52,0,0.0
3257,52,0,0.0
3258,52,0,0.0
3259,52,0,0.0
3260,52,0,0.0
3261,52,0,0.0
3262,52,0,0.0
3263,52,0,0.0
3264,52,0,0.0
3265,52,0,0.0
3266,52,0,0.0
3267,52,0,0.0
3268,52,0,0.0
3269,52,0,0.0
3270,52,0,0.0
3271,52,0,0.0
3272,52,0,0.0
3273,52,0,0.0
3274,52,0,0.0
3275,52,0,0.0
3276,52,0,0.0
3277,52,0,0.0
3278,52,0,0.0
3279,52,0,0.0
3280,52,0,0.0
3281,52,0,0.0
3282,52,0,0.0
3283,52,0,0.0
3284,52,0,0.0
3285,52,0,0.0
3286,52,0,0.0
3287,52,0,0.0
3288,52,0,0.0
3289,52,0,0.0
3290,52,0,0.0
3291,52,0,0.0
3292,52,0,0.0
3293,52,0,0.0
3294,52,0,0.0
3295,52,0,0.0
3296,52,0,0.0
3297,52,0,0.0
3298,52,0,0.0
3299,52,0,0.0
3300,52,0,0.0
3301,52,0,0.0
3302,52,0,0.0
3303,52,0,0.0
3304,52,0,0.0
3305,52,0,0.0
3306,52,0,0.0
3307,52,0,0.0
3308,52,0,0.0
3309,52,0,0.0
3310,52,0,0.0
3311,52,0,0.0
3312,52,0,0.0
3313,52,0,0.0
3314,52,0,0.0
3315,52,0,0.0
3316,52,0,0.0
3317,52,0,0.0
3318,52,0,0.0
3319,52,0,0.0
3320,52,0,0.0
3321,52,0,0.0
3322,52,0,0.0
3323,52,0,0.0
3324,52,0,0.0
3325,52,0,0.0
3326,52,0,0.0
3327,52,0,0.0
3328,52,0,0.0
3329,52,0,0.0
3330,52,0,0.0
3331,52,0,0.0
3332,52,0,0.0
3333,52,0,0.0
3334,52,0,0.0
3335,52,0,0.0
3336,52,0,0.0
3337,52,0,0.0
3338,52,0,0.0
3339,52,0,0.0
3340,52,0,0.0
3341,52,0,0.0
3342,52,0,0.0
3343,52,0,0.0
3344,52,0,0.0
3345,52,0,0.0
3346,52,0,0.0
3347,52,0,0.0
3348,52,0,0.0
3349,52,0,0.0
3350,52,0,0.0
3351,52,0,0.0
3352,52,0,0.0
3353,52,0,0.0
3354,52,0,0.0
3355,52,0,0.0
3356,52,0,0.0
3357,52,0,0.0
3358,52,0,0.0
3359,52,52,100.0
3360,52,0,0.0
3361,52,0,0.0
3362,52,0,0.0
3363,52,0,0.0
3364,52,0,0.0
3365,52,0,0.0
3366,52,0,0.0
3367,52,0,0.0
3368,52,0,0.0
3369,52,0,0.0
3370,52,0,0.0
3371,52,0,0.0
3372,52,0,0.0
3373,52,0,0.0
3374,52,0,0.0
3375,52,0,0.0
3376,52,0,0.0
3377,52,0,0.0
3378,52,0,0.0
3379,52,0,0.0
3380,52,0,0.0
3381,52,0,0.0
3382,52,0,0.0
3383,52,0,0.0
3384,52,0,0.0
3385,52,0,0.0
3386,52,0,0.0
3387,52,0,0.0
3388,52,0,0.0
3389,52,0,0.0
3390,52,0,0.0
3391,52,0,0.0
3392,52,52,100.0
3393,52,0,0.0
3394,52,0,0.0
3395,52,0,0.0
3396,52,0,0.0
3397,52,0,0.0
3398,52,0,0.0
3399,52,0,0.0
3400,52,0,0.0
3401,52,0,0.0
3402,52,0,0.0
3403,52,0,0.0
3404,52,0,0.0
3405,52,0,0.0
3406,52,0,0.0
3407,52,0,0.0
3408,52,0,0.0
3409,52,0,0.0
3410,52,0,0.0
3411,52,0,0.0
3412,52,0,0.0
3413,52,0,0.0
3414,52,0,0.0
3415,52,0,0.0
3416,52,0,0.0
3417,52,0,0.0
3418,52,0,0.0
3419,52,0,0.0
3420,52,0,0.0
3421,52,0,0.0
3422,52,0,0.0
3423,52,0,0.0
3424,52,0,0.0
3425,52,0,0.0
3426,52,0,0.0
3427,52,0,0.0
3428,52,0,0.0
3429,52,0,0.0
3430,52,0,0.0
3431,52,0,0.0
3432,52,0,0.0
3433,52,0,0.0
3434,52,0,0.0
3435,52,0,0.0
3436,52,0,0.0
3437,52,0,0.0
3438,52,0,0.0
3439,52,0,0.0
3440,52,0,0.0
3441,52,0,0.0
3442,52,0,0.0
3443,52,0,0.0
3444,52,0,0.0
3445,52,0,0.0
3446,52,0,0.0
3447,52,0,0.0
3448,52,0,0.0
3449,52,0,0.0
3450,52,0,0.0
3451,52,0,0.0
3452,52,0,0.0
3453,52,0,0.0
3454,52,0,0.0
3455,52,0,0.0
3456,52,0,0.0
3457,52,0,0.0
3458,52,0,0.0
3459,52,0,0.0
3460,52,0,0.0
3461,52,0,0.0
