metric,threshold_pct,selected_for_aggregation,cell_biweeks,insufficient_cell_biweeks,insufficient_pct,affected_grid_ids,affected_biweeks
ndvi_desvest_bisemanal,50.0,False,88634,5631,6.353092492722882,3022,26
ndvi_desvest_bisemanal,60.0,False,88634,6055,6.8314642236613485,3071,26
ndvi_desvest_bisemanal,70.0,False,88634,6583,7.427172416905477,3116,26
ndvi_desvest_bisemanal,80.0,True,88634,7175,8.095087663876164,3167,26
ndvi_desvest_bisemanal,90.0,False,88634,8074,9.109371121691451,3228,26
ndvi_maximo_bisemanal,50.0,False,88634,5631,6.353092492722882,3022,26
ndvi_maximo_bisemanal,60.0,False,88634,6055,6.8314642236613485,3071,26
ndvi_maximo_bisemanal,70.0,False,88634,6583,7.427172416905477,3116,26
ndvi_maximo_bisemanal,80.0,True,88634,7175,8.095087663876164,3167,26
ndvi_maximo_bisemanal,90.0,False,88634,8074,9.109371121691451,3228,26
ndvi_media_bisemanal,50.0,False,88634,5631,6.353092492722882,3022,26
ndvi_media_bisemanal,60.0,False,88634,6055,6.8314642236613485,3071,26
ndvi_media_bisemanal,70.0,False,88634,6583,7.427172416905477,3116,26
ndvi_media_bisemanal,80.0,True,88634,7175,8.095087663876164,3167,26
ndvi_media_bisemanal,90.0,False,88634,8074,9.109371121691451,3228,26
ndvi_minimo_bisemanal,50.0,False,88634,5631,6.353092492722882,3022,26
ndvi_minimo_bisemanal,60.0,False,88634,6055,6.8314642236613485,3071,26
ndvi_minimo_bisemanal,70.0,False,88634,6583,7.427172416905477,3116,26
ndvi_minimo_bisemanal,80.0,True,88634,7175,8.095087663876164,3167,26
ndvi_minimo_bisemanal,90.0,False,88634,8074,9.109371121691451,3228,26
