metric,biweek,path,study_pixel_count,valid_pixel_count,nodata_pixel_count,coverage_pct,mean,std,min,p01_approx,median_approx,p99_approx,max,outside_expected_range_pixels,quantiles_are_approximate
ndvi_media_bisemanal,1,D:\GeoTIFF NDVI\media_bisemanal\ndvi_arica_y_parinacota_2024_BI01_mean.tif,168737096,166284091,2453005,98.54625624231437,0.07292725568721924,0.06788378271424406,-1.0,-0.011728850901126861,0.06260136514902115,0.40184257745742796,1.0,0,True
ndvi_maximo_bisemanal,1,D:\GeoTIFF NDVI\maximo_bisemanal\ndvi_arica_y_parinacota_2024_BI01_max.tif,168737096,166284091,2453005,98.54625624231437,0.08023507743604857,0.0721319878784334,-1.0,-0.006389771196991204,0.06855791807174683,0.44310710668563724,1.0,0,True
ndvi_minimo_bisemanal,1,D:\GeoTIFF NDVI\minimo_bisemanal\ndvi_arica_y_parinacota_2024_BI01_min.tif,168737096,166284091,2453005,98.54625624231437,0.0655092486201099,0.06543564651913909,-1.0,-0.02524343118071556,0.05631067976355553,0.3604196369647972,1.0,0,True
ndvi_desvest_bisemanal,1,D:\GeoTIFF NDVI\desvest_bisemanal\ndvi_arica_y_parinacota_2024_BI01_std.tif,168737096,166284091,2453005,98.54625624231437,0.00657836390033517,0.010758416187551885,0.0,0.0,0.004332380016915871,0.04992615989304171,0.6979969183359014,0,True
ndvi_media_bisemanal,2,D:\GeoTIFF NDVI\media_bisemanal\ndvi_arica_y_parinacota_2024_BI02_mean.tif,168737096,164500904,4236192,97.48947202457485,0.0729870848094266,0.06903140955508381,-1.0,-0.013900923682376743,0.062295082956552505,0.4087686777114867,1.0,0,True
ndvi_maximo_bisemanal,2,D:\GeoTIFF NDVI\maximo_bisemanal\ndvi_arica_y_parinacota_2024_BI02_max.tif,168737096,164500904,4236192,97.48947202457485,0.07956212479589665,0.07308579996248649,-1.0,-0.0074342226376757,0.06739850714802742,0.43274009674787317,1.0,0,True
ndvi_minimo_bisemanal,2,D:\GeoTIFF NDVI\minimo_bisemanal\ndvi_arica_y_parinacota_2024_BI02_min.tif,168737096,164500904,4236192,97.48947202457485,0.06633022316264645,0.06680877700742065,-1.0,-0.025164919439703226,0.05639672838151455,0.36865594387054446,1.0,0,True
ndvi_desvest_bisemanal,2,D:\GeoTIFF NDVI\desvest_bisemanal\ndvi_arica_y_parinacota_2024_BI02_std.tif,168737096,164500904,4236192,97.48947202457485,0.005964481993473741,0.010472334417459888,0.0,0.0,0.003580530402555065,0.04729957387151584,0.7946909604472194,0,True
ndvi_media_bisemanal,3,D:\GeoTIFF NDVI\media_bisemanal\ndvi_arica_y_parinacota_2024_BI03_mean.tif,168737096,164140105,4596991,97.27564885909854,0.06550579419230855,0.06431198045057986,-1.0,-0.01619657080620527,0.057397812604904175,0.37858525812625854,1.0,0,True
ndvi_maximo_bisemanal,3,D:\GeoTIFF NDVI\maximo_bisemanal\ndvi_arica_y_parinacota_2024_BI03_max.tif,168737096,164140105,4596991,97.27564885909854,0.07162754025285949,0.06948482690282684,-1.0,-0.01502428396604955,0.062219129875302315,0.4030261808633797,1.0,0,True
ndvi_minimo_bisemanal,3,D:\GeoTIFF NDVI\minimo_bisemanal\ndvi_arica_y_parinacota_2024_BI03_min.tif,168737096,164140105,4596991,97.27564885909854,0.05904813793808032,0.06109899142735814,-1.0,-0.020084015280008315,0.05142371356487274,0.34199041336774777,1.0,0,True
ndvi_desvest_bisemanal,3,D:\GeoTIFF NDVI\desvest_bisemanal\ndvi_arica_y_parinacota_2024_BI03_std.tif,168737096,164140105,4596991,97.27564885909854,0.005919857124159739,0.011967788048569109,0.0,0.0,0.0015823092218314443,0.04368388039923943,0.5289312457454051,0,True
ndvi_media_bisemanal,4,D:\GeoTIFF NDVI\media_bisemanal\ndvi_arica_y_parinacota_2024_BI04_mean.tif,168737096,104463369,64273727,61.90895272963569,0.05430740378091068,0.05798567123299375,-0.6527590751647949,-0.030015039443969726,0.04917457327246666,0.32229038476943833,0.8957268595695496,0,True
ndvi_maximo_bisemanal,4,D:\GeoTIFF NDVI\maximo_bisemanal\ndvi_arica_y_parinacota_2024_BI04_max.tif,168737096,104463369,64273727,61.90895272963569,0.054460150698744686,0.05809607361978746,-0.6527590751647949,-0.029539811611175536,0.049583498388528824,0.3309563696384427,0.9184497594833374,0,True
ndvi_minimo_bisemanal,4,D:\GeoTIFF NDVI\minimo_bisemanal\ndvi_arica_y_parinacota_2024_BI04_min.tif,168737096,104463369,64273727,61.90895272963569,0.05415672995195306,0.057915202898791304,-0.6527590751647949,-0.029399609938263894,0.04909724369645119,0.3282346427440638,0.8957268595695496,0,True
ndvi_desvest_bisemanal,4,D:\GeoTIFF NDVI\desvest_bisemanal\ndvi_arica_y_parinacota_2024_BI04_std.tif,168737096,104463369,64273727,61.90895272963569,0.00014848451860522208,0.000740029201523615,0.0,0.0,0.0,0.004401257064981184,0.3227163461538461,0,True
ndvi_media_bisemanal,5,D:\GeoTIFF NDVI\media_bisemanal\ndvi_arica_y_parinacota_2024_BI05_mean.tif,168737096,34923466,133813630,20.696969918221182,0.03072059097041269,0.045681961234111876,-1.0,-0.05580145679414272,0.02595124952495098,0.18995163217186928,1.0,0,True
ndvi_maximo_bisemanal,5,D:\GeoTIFF NDVI\maximo_bisemanal\ndvi_arica_y_parinacota_2024_BI05_max.tif,168737096,34923466,133813630,20.696969918221182,0.030884051244094664,0.046014429388762,-1.0,-0.05613220389932394,0.025843813084065914,0.2016875110566616,1.0,0,True
ndvi_minimo_bisemanal,5,D:\GeoTIFF NDVI\minimo_bisemanal\ndvi_arica_y_parinacota_2024_BI05_min.tif,168737096,34923466,133813630,20.696969918221182,0.03056180358394128,0.04548308164955481,-1.0,-0.05630117654800415,0.02585676498711109,0.20068538561463356,1.0,0,True
ndvi_desvest_bisemanal,5,D:\GeoTIFF NDVI\desvest_bisemanal\ndvi_arica_y_parinacota_2024_BI05_std.tif,168737096,34923466,133813630,20.696969918221182,0.00015264761844902857,0.0017072027703407633,0.0,0.0,0.0,0.0020573603458605046,0.2973371892857996,0,True
ndvi_media_bisemanal,6,D:\GeoTIFF NDVI\media_bisemanal\ndvi_arica_y_parinacota_2024_BI06_mean.tif,168737096,167718524,1018572,99.39635561820977,0.08492864988576074,0.08660814270447023,-0.8797736763954163,-0.022361562624573707,0.07043009996414185,0.4846142017841313,0.9574105739593506,0,True
ndvi_maximo_bisemanal,6,D:\GeoTIFF NDVI\maximo_bisemanal\ndvi_arica_y_parinacota_2024_BI06_max.tif,168737096,167718524,1018572,99.39635561820977,0.09704651365342708,0.0899099384377271,-0.8755304217338562,-0.009789630994200707,0.08216216415166855,0.5072455763816832,1.0,0,True
ndvi_minimo_bisemanal,6,D:\GeoTIFF NDVI\minimo_bisemanal\ndvi_arica_y_parinacota_2024_BI06_min.tif,168737096,167718524,1018572,99.39635561820977,0.07299625438884715,0.08567520329408537,-1.0,-0.04732236593961716,0.05953827500343323,0.4124240565299966,0.9383458495140076,0,True
ndvi_desvest_bisemanal,6,D:\GeoTIFF NDVI\desvest_bisemanal\ndvi_arica_y_parinacota_2024_BI06_std.tif,168737096,167718524,1018572,99.39635561820977,0.010560589701598443,0.012783460441285829,0.0,0.0,0.008006620383996459,0.05591572278729125,0.6425065247136629,0,True
ndvi_media_bisemanal,7,D:\GeoTIFF NDVI\media_bisemanal\ndvi_arica_y_parinacota_2024_BI07_mean.tif,168737096,166952676,1784420,98.9424850597168,0.08495300975976056,0.0878094254105707,-1.0,-0.01715308977290988,0.07059605792164803,0.4804765731096275,1.0,0,True
ndvi_maximo_bisemanal,7,D:\GeoTIFF NDVI\maximo_bisemanal\ndvi_arica_y_parinacota_2024_BI07_max.tif,168737096,166952676,1784420,98.9424850597168,0.09312483323541103,0.0892020026523226,-1.0,-0.009399784067645668,0.07757239043712616,0.48783329069614495,1.0,0,True
ndvi_minimo_bisemanal,7,D:\GeoTIFF NDVI\minimo_bisemanal\ndvi_arica_y_parinacota_2024_BI07_min.tif,168737096,166952676,1784420,98.9424850597168,0.07648809284864148,0.08897196953681576,-1.0,-0.032967137210071086,0.06308936327695847,0.4339457535743724,1.0,0,True
ndvi_desvest_bisemanal,7,D:\GeoTIFF NDVI\desvest_bisemanal\ndvi_arica_y_parinacota_2024_BI07_std.tif,168737096,166952676,1784420,98.9424850597168,0.007507661511701341,0.015606682738247073,0.0,0.0,0.004917284725445897,0.049491294855796286,1.0,0,True
ndvi_media_bisemanal,8,D:\GeoTIFF NDVI\media_bisemanal\ndvi_arica_y_parinacota_2024_BI08_mean.tif,168737096,168132050,605046,99.64142680279386,0.09221596559869502,0.08861629001644682,-1.0,-0.01065726976841688,0.07586713880300522,0.4705828964710234,1.0,0,True
ndvi_maximo_bisemanal,8,D:\GeoTIFF NDVI\maximo_bisemanal\ndvi_arica_y_parinacota_2024_BI08_max.tif,168737096,168132050,605046,99.64142680279386,0.10237774857024187,0.09237022014389738,-1.0,0.0016729145683348186,0.08361486345529556,0.550001356601715,1.0,0,True
ndvi_minimo_bisemanal,8,D:\GeoTIFF NDVI\minimo_bisemanal\ndvi_arica_y_parinacota_2024_BI08_min.tif,168737096,168132050,605046,99.64142680279386,0.08267036123213439,0.09170918249144819,-1.0,-0.041389697939157484,0.06872276216745377,0.4394254601001738,1.0,0,True
ndvi_desvest_bisemanal,8,D:\GeoTIFF NDVI\desvest_bisemanal\ndvi_arica_y_parinacota_2024_BI08_std.tif,168737096,168132050,605046,99.64142680279386,0.008442046160947195,0.01977708288180659,0.0,0.00017142491900812862,0.005405639436804446,0.0626998317340987,0.8281557908321893,0,True
ndvi_media_bisemanal,9,D:\GeoTIFF NDVI\media_bisemanal\ndvi_arica_y_parinacota_2024_BI09_mean.tif,168737096,168185360,551736,99.67302032980348,0.08534442982953429,0.0807960726272664,-1.0,-0.01210819808766246,0.07187746465206146,0.43292612254619567,1.0,0,True
ndvi_maximo_bisemanal,9,D:\GeoTIFF NDVI\maximo_bisemanal\ndvi_arica_y_parinacota_2024_BI09_max.tif,168737096,168185360,551736,99.67302032980348,0.09020118260333806,0.07952960176231383,-1.0,-0.003936466341838241,0.07571428269147873,0.4404476374387741,1.0,0,True
ndvi_minimo_bisemanal,9,D:\GeoTIFF NDVI\minimo_bisemanal\ndvi_arica_y_parinacota_2024_BI09_min.tif,168737096,168185360,551736,99.67302032980348,0.08046544867774912,0.08482028886841884,-1.0,-0.024394140243530274,0.06809229403734207,0.41718064963817447,1.0,0,True
ndvi_desvest_bisemanal,9,D:\GeoTIFF NDVI\desvest_bisemanal\ndvi_arica_y_parinacota_2024_BI09_std.tif,168737096,168185360,551736,99.67302032980348,0.0047570414540630615,0.013932838793123454,0.0,0.0,0.0030586093465538606,0.027183173039673478,0.8032786885245902,0,True
ndvi_media_bisemanal,10,D:\GeoTIFF NDVI\media_bisemanal\ndvi_arica_y_parinacota_2024_BI10_mean.tif,168737096,165449793,3287303,98.0518196188466,0.083986892396916,0.07159581338363051,-0.8389071822166443,-0.0076333793252706525,0.073112353682518,0.39036062955856304,0.9333693385124207,0,True
ndvi_maximo_bisemanal,10,D:\GeoTIFF NDVI\maximo_bisemanal\ndvi_arica_y_parinacota_2024_BI10_max.tif,168737096,165449793,3287303,98.0518196188466,0.09074529335974223,0.07523680023514677,-0.8389071822166443,-0.0037464433815330256,0.07797681540250778,0.42234356880187934,1.0,0,True
ndvi_minimo_bisemanal,10,D:\GeoTIFF NDVI\minimo_bisemanal\ndvi_arica_y_parinacota_2024_BI10_min.tif,168737096,165449793,3287303,98.0518196188466,0.0767718362011117,0.06961985940604316,-1.0,-0.014014168344438074,0.06733852624893188,0.3662434804439543,0.9333693385124207,0,True
ndvi_desvest_bisemanal,10,D:\GeoTIFF NDVI\desvest_bisemanal\ndvi_arica_y_parinacota_2024_BI10_std.tif,168737096,165449793,3287303,98.0518196188466,0.006715832298524194,0.01192174134296105,0.0,0.0,0.003140563638825679,0.05103825130123882,0.5602836879432623,0,True
ndvi_media_bisemanal,11,D:\GeoTIFF NDVI\media_bisemanal\ndvi_arica_y_parinacota_2024_BI11_mean.tif,168737096,166406288,2330808,98.61867481706571,0.09507902001614424,0.07145460419143616,-0.8770771026611328,-0.007872263696044686,0.08373904973268509,0.3718527281284338,0.940437376499176,0,True
ndvi_maximo_bisemanal,11,D:\GeoTIFF NDVI\maximo_bisemanal\ndvi_arica_y_parinacota_2024_BI11_max.tif,168737096,166406288,2330808,98.61867481706571,0.10193423028634577,0.07174960142092882,-0.8417508602142334,0.0008084886195138078,0.08963367342948914,0.4081547886133196,1.0,0,True
ndvi_minimo_bisemanal,11,D:\GeoTIFF NDVI\minimo_bisemanal\ndvi_arica_y_parinacota_2024_BI11_min.tif,168737096,166406288,2330808,98.61867481706571,0.08829445385811793,0.0724762081015427,-1.0,-0.022460808046162132,0.07841866463422775,0.36617711305618456,0.9379444122314453,0,True
ndvi_desvest_bisemanal,11,D:\GeoTIFF NDVI\desvest_bisemanal\ndvi_arica_y_parinacota_2024_BI11_std.tif,168737096,166406288,2330808,98.61867481706571,0.005879898044027416,0.008012647797955928,0.0,0.0,0.00446612916967397,0.02893417000815332,0.7026097385443006,0,True
ndvi_media_bisemanal,12,D:\GeoTIFF NDVI\media_bisemanal\ndvi_arica_y_parinacota_2024_BI12_mean.tif,168737096,164531295,4205801,97.50748288331334,0.08744659912734704,0.0651611634352412,-0.8661796450614929,-0.008765143249183894,0.07852724939584732,0.3356882989406584,0.9043715596199036,0,True
ndvi_maximo_bisemanal,12,D:\GeoTIFF NDVI\maximo_bisemanal\ndvi_arica_y_parinacota_2024_BI12_max.tif,168737096,164531295,4205801,97.50748288331334,0.093774265091611,0.06613067936475153,-0.8524590134620667,0.0,0.08413461595773697,0.35239653527736503,1.0,0,True
ndvi_minimo_bisemanal,12,D:\GeoTIFF NDVI\minimo_bisemanal\ndvi_arica_y_parinacota_2024_BI12_min.tif,168737096,164531295,4205801,97.50748288331334,0.08114119914134253,0.06608059353365754,-1.0,-0.022661634348332883,0.07359892129898071,0.32199520289897343,0.9043715596199036,0,True
ndvi_desvest_bisemanal,12,D:\GeoTIFF NDVI\desvest_bisemanal\ndvi_arica_y_parinacota_2024_BI12_std.tif,168737096,164531295,4205801,97.50748288331334,0.0053561691824027995,0.008926791875035912,0.0,0.0,0.003919668794046525,0.030202600393532175,0.8392523356483411,0,True
ndvi_media_bisemanal,13,D:\GeoTIFF NDVI\media_bisemanal\ndvi_arica_y_parinacota_2024_BI13_mean.tif,168737096,160249401,8487695,94.96987017010177,0.08364618088834827,0.060240768258117625,-0.8256289958953857,-0.004235300775617359,0.07445062324404716,0.32356234192848193,0.9215384721755981,0,True
ndvi_maximo_bisemanal,13,D:\GeoTIFF NDVI\maximo_bisemanal\ndvi_arica_y_parinacota_2024_BI13_max.tif,168737096,160249401,8487695,94.96987017010177,0.09067544106069389,0.06113604645502019,-0.8004201650619507,0.0062955181347206235,0.08033826947212219,0.341485024690628,1.0,0,True
ndvi_minimo_bisemanal,13,D:\GeoTIFF NDVI\minimo_bisemanal\ndvi_arica_y_parinacota_2024_BI13_min.tif,168737096,160249401,8487695,94.96987017010177,0.07636490470758409,0.060390162224440755,-1.0,-0.02073625896126032,0.06916584074497223,0.29969600081443765,0.9215384721755981,0,True
ndvi_desvest_bisemanal,13,D:\GeoTIFF NDVI\desvest_bisemanal\ndvi_arica_y_parinacota_2024_BI13_std.tif,168737096,160249401,8487695,94.96987017010177,0.006074722055620259,0.008582167953788895,0.0,0.0,0.004428292314456272,0.033373485716107064,0.8417340892740433,0,True
ndvi_media_bisemanal,14,D:\GeoTIFF NDVI\media_bisemanal\ndvi_arica_y_parinacota_2024_BI14_mean.tif,168737096,164381474,4355622,97.41869327892191,0.09206154211310302,0.06127613685622337,-1.0,-0.0006703286140691473,0.08451275527477264,0.3096835446357725,0.9838570952415466,0,True
ndvi_maximo_bisemanal,14,D:\GeoTIFF NDVI\maximo_bisemanal\ndvi_arica_y_parinacota_2024_BI14_max.tif,168737096,164381474,4355622,97.41869327892191,0.09674029070801304,0.06199890281673925,-1.0,0.005614741472527385,0.08814790099859238,0.33878335952758776,1.0,0,True
ndvi_minimo_bisemanal,14,D:\GeoTIFF NDVI\minimo_bisemanal\ndvi_arica_y_parinacota_2024_BI14_min.tif,168737096,164381474,4355622,97.41869327892191,0.08733880385075912,0.061616914751614946,-1.0,-0.01017292775213718,0.08127988129854202,0.29903868317603977,0.9838570952415466,0,True
ndvi_desvest_bisemanal,14,D:\GeoTIFF NDVI\desvest_bisemanal\ndvi_arica_y_parinacota_2024_BI14_std.tif,168737096,164381474,4355622,97.41869327892191,0.004619750437250853,0.007883296501111676,0.0,0.0,0.0026405416212792136,0.031665936410691216,1.0,0,True
ndvi_media_bisemanal,15,D:\GeoTIFF NDVI\media_bisemanal\ndvi_arica_y_parinacota_2024_BI15_mean.tif,168737096,164090152,4646944,97.24604481755452,0.08838532192868567,0.060887038985221346,-0.9913606643676758,0.0015367623418569556,0.08171788603067398,0.29224420487880887,0.9757575988769531,0,True
ndvi_maximo_bisemanal,15,D:\GeoTIFF NDVI\maximo_bisemanal\ndvi_arica_y_parinacota_2024_BI15_max.tif,168737096,164090152,4646944,97.24604481755452,0.09635130657254115,0.05912104477036617,-0.9913606643676758,0.009209908917546271,0.0883190855383873,0.32668661475181593,1.0,0,True
ndvi_minimo_bisemanal,15,D:\GeoTIFF NDVI\minimo_bisemanal\ndvi_arica_y_parinacota_2024_BI15_min.tif,168737096,164090152,4646944,97.24604481755452,0.08036138821383688,0.06660305477315616,-1.0,-0.012586170062422753,0.07545886933803558,0.2776674836874035,0.9757575988769531,0,True
ndvi_desvest_bisemanal,15,D:\GeoTIFF NDVI\desvest_bisemanal\ndvi_arica_y_parinacota_2024_BI15_std.tif,168737096,164090152,4646944,97.24604481755452,0.00695588082395428,0.011915660798697356,0.0,0.0,0.0052361467090037556,0.03376191556625979,0.7255040432182,0,True
ndvi_media_bisemanal,16,D:\GeoTIFF NDVI\media_bisemanal\ndvi_arica_y_parinacota_2024_BI16_mean.tif,168737096,165647789,3089307,98.16915955457713,0.08645780356902773,0.057508491664803096,-0.8605749607086182,-0.0012542085954919465,0.08051731437444687,0.28896251022815805,0.9364966154098511,0,True
ndvi_maximo_bisemanal,16,D:\GeoTIFF NDVI\maximo_bisemanal\ndvi_arica_y_parinacota_2024_BI16_max.tif,168737096,165647789,3089307,98.16915955457713,0.09241698746699421,0.05872726130729902,-0.8125,0.004391321865841744,0.08571428805589676,0.3021833747625362,1.0,0,True
ndvi_minimo_bisemanal,16,D:\GeoTIFF NDVI\minimo_bisemanal\ndvi_arica_y_parinacota_2024_BI16_min.tif,168737096,165647789,3089307,98.16915955457713,0.0805405518158658,0.05755038979191475,-1.0,-0.011745300516486168,0.07549504935741425,0.27463496029376994,0.9364966154098511,0,True
ndvi_desvest_bisemanal,16,D:\GeoTIFF NDVI\desvest_bisemanal\ndvi_arica_y_parinacota_2024_BI16_std.tif,168737096,165647789,3089307,98.16915955457713,0.0050426890888998575,0.006934023271958383,0.0,0.0,0.0037693221037943835,0.029650649103014053,0.6050344163874375,0,True
ndvi_media_bisemanal,17,D:\GeoTIFF NDVI\media_bisemanal\ndvi_arica_y_parinacota_2024_BI17_mean.tif,168737096,164905394,3831702,97.72918813299951,0.08180248759433195,0.05514422765307649,-0.8888888955116272,-0.0009004796220688142,0.07628956437110901,0.2858791375160211,0.9682539701461792,0,True
ndvi_maximo_bisemanal,17,D:\GeoTIFF NDVI\maximo_bisemanal\ndvi_arica_y_parinacota_2024_BI17_max.tif,168737096,164905394,3831702,97.72918813299951,0.08969270862037278,0.05570314371706213,-0.8364987373352051,0.0067914495989680294,0.08318739384412766,0.2982618558406829,1.0,0,True
ndvi_minimo_bisemanal,17,D:\GeoTIFF NDVI\minimo_bisemanal\ndvi_arica_y_parinacota_2024_BI17_min.tif,168737096,164905394,3831702,97.72918813299951,0.07309712984673726,0.05826197242815226,-1.0,-0.035769473612308485,0.06999349221587181,0.2620738464593885,0.9682539701461792,0,True
ndvi_desvest_bisemanal,17,D:\GeoTIFF NDVI\desvest_bisemanal\ndvi_arica_y_parinacota_2024_BI17_std.tif,168737096,164905394,3831702,97.72918813299951,0.007419858508260334,0.012133770107975072,0.0,0.0,0.004544968104252076,0.05581074125919749,0.841120082507414,0,True
ndvi_media_bisemanal,18,D:\GeoTIFF NDVI\media_bisemanal\ndvi_arica_y_parinacota_2024_BI18_mean.tif,168737096,163017012,5720084,96.61006137026324,0.08028001058495614,0.05233951918340208,-1.0,-0.002948599262163043,0.07494860887527466,0.27604659497737893,1.0,0,True
ndvi_maximo_bisemanal,18,D:\GeoTIFF NDVI\maximo_bisemanal\ndvi_arica_y_parinacota_2024_BI18_max.tif,168737096,163017012,5720084,96.61006137026324,0.0871646083606992,0.05454519450952853,-1.0,0.002417640257626772,0.08019118756055832,0.30204613268375746,1.0,0,True
ndvi_minimo_bisemanal,18,D:\GeoTIFF NDVI\minimo_bisemanal\ndvi_arica_y_parinacota_2024_BI18_min.tif,168737096,163017012,5720084,96.61006137026324,0.07263060686968431,0.05295814613223788,-1.0,-0.01784927934408188,0.0693943053483963,0.25086225092411263,1.0,0,True
ndvi_desvest_bisemanal,18,D:\GeoTIFF NDVI\desvest_bisemanal\ndvi_arica_y_parinacota_2024_BI18_std.tif,168737096,163017012,5720084,96.61006137026324,0.006529463355385174,0.010761702480687025,0.0,0.0,0.0036762770875305886,0.0449798821443838,1.0,0,True
ndvi_media_bisemanal,19,D:\GeoTIFF NDVI\media_bisemanal\ndvi_arica_y_parinacota_2024_BI19_mean.tif,168737096,167864165,872931,99.48266799613525,0.0834396100470306,0.05698005469310358,-1.0,-0.002213157918304202,0.07672469317913055,0.30211134672165,1.0,0,True
ndvi_maximo_bisemanal,19,D:\GeoTIFF NDVI\maximo_bisemanal\ndvi_arica_y_parinacota_2024_BI19_max.tif,168737096,167864165,872931,99.48266799613525,0.08778039068697308,0.058645348885945824,-1.0,0.002225666320882738,0.07962328940629959,0.31968343019485557,1.0,0,True
ndvi_minimo_bisemanal,19,D:\GeoTIFF NDVI\minimo_bisemanal\ndvi_arica_y_parinacota_2024_BI19_min.tif,168737096,167864165,872931,99.48266799613525,0.07926683539971664,0.05754133504211702,-1.0,-0.00988649958744645,0.0738450363278389,0.2941250634193427,1.0,0,True
ndvi_desvest_bisemanal,19,D:\GeoTIFF NDVI\desvest_bisemanal\ndvi_arica_y_parinacota_2024_BI19_std.tif,168737096,167864165,872931,99.48266799613525,0.004109777521779845,0.009121068435976019,0.0,0.0,0.0022417069224230854,0.029733088937614383,1.0,0,True
ndvi_media_bisemanal,20,D:\GeoTIFF NDVI\media_bisemanal\ndvi_arica_y_parinacota_2024_BI20_mean.tif,168737096,165217839,3519257,97.91435488495073,0.08071130973441339,0.05529568609891063,-0.957446813583374,-0.0019419038027990601,0.07475025951862335,0.29671199023723654,0.9566160440444946,0,True
ndvi_maximo_bisemanal,20,D:\GeoTIFF NDVI\maximo_bisemanal\ndvi_arica_y_parinacota_2024_BI20_max.tif,168737096,165217839,3519257,97.91435488495073,0.08631606851204364,0.055885723832445056,-0.957446813583374,0.0024266618303954634,0.07961979508399963,0.32169255167246047,1.0,0,True
ndvi_minimo_bisemanal,20,D:\GeoTIFF NDVI\minimo_bisemanal\ndvi_arica_y_parinacota_2024_BI20_min.tif,168737096,165217839,3519257,97.91435488495073,0.0752629197808003,0.05694078525512814,-1.0,-0.010058501409366727,0.07050197571516037,0.2672422602772719,0.9566160440444946,0,True
ndvi_desvest_bisemanal,20,D:\GeoTIFF NDVI\desvest_bisemanal\ndvi_arica_y_parinacota_2024_BI20_std.tif,168737096,165217839,3519257,97.91435488495073,0.004650919278446013,0.007986543476020909,0.0,0.0,0.0037355585992423267,0.021841563531648445,0.7128021570658826,0,True
ndvi_media_bisemanal,21,D:\GeoTIFF NDVI\media_bisemanal\ndvi_arica_y_parinacota_2024_BI21_mean.tif,168737096,168091370,645726,99.61731829259406,0.08091550225026387,0.05186894335894444,-0.6951260566711426,0.0032567295385524633,0.074845340102911,0.282786891460418,0.9175313711166382,0,True
ndvi_maximo_bisemanal,21,D:\GeoTIFF NDVI\maximo_bisemanal\ndvi_arica_y_parinacota_2024_BI21_max.tif,168737096,168091370,645726,99.61731829259406,0.08982852228201406,0.05522801142405024,-0.6815686225891113,0.010193840805441142,0.08255984634160995,0.33450817346572814,1.0,0,True
ndvi_minimo_bisemanal,21,D:\GeoTIFF NDVI\minimo_bisemanal\ndvi_arica_y_parinacota_2024_BI21_min.tif,168737096,168091370,645726,99.61731829259406,0.0700547560194879,0.05092958867507462,-1.0,-0.01081179916858673,0.06521739065647125,0.2506636822223661,0.9102040529251099,0,True
ndvi_desvest_bisemanal,21,D:\GeoTIFF NDVI\desvest_bisemanal\ndvi_arica_y_parinacota_2024_BI21_std.tif,168737096,168091370,645726,99.61731829259406,0.008666550282305858,0.00968983600560762,0.0,0.0,0.007436963252949496,0.04383921730989051,0.650968530075993,0,True
ndvi_media_bisemanal,22,D:\GeoTIFF NDVI\media_bisemanal\ndvi_arica_y_parinacota_2024_BI22_mean.tif,168737096,168612877,124219,99.92638311139359,0.07910558843721846,0.05270079347446203,-0.6788008809089661,-3.309541985799998e-05,0.07284767925739288,0.3009304016828546,0.9075375199317932,0,True
ndvi_maximo_bisemanal,22,D:\GeoTIFF NDVI\maximo_bisemanal\ndvi_arica_y_parinacota_2024_BI22_max.tif,168737096,168612877,124219,99.92638311139359,0.08414785239150419,0.05488692269432604,-0.6788008809089661,0.0039618769660592105,0.07703384011983871,0.3321255522966386,1.0,0,True
ndvi_minimo_bisemanal,22,D:\GeoTIFF NDVI\minimo_bisemanal\ndvi_arica_y_parinacota_2024_BI22_min.tif,168737096,168612877,124219,99.92638311139359,0.07386924457874451,0.05179762007483731,-1.0,-0.008515365384519098,0.06886354088783264,0.27856644570827543,0.9025787711143494,0,True
ndvi_desvest_bisemanal,22,D:\GeoTIFF NDVI\desvest_bisemanal\ndvi_arica_y_parinacota_2024_BI22_std.tif,168737096,168612877,124219,99.92638311139359,0.00442404696487184,0.007011009348391545,0.0,0.0,0.0032246144162889965,0.026331285369025778,0.5600532223707391,0,True
ndvi_media_bisemanal,23,D:\GeoTIFF NDVI\media_bisemanal\ndvi_arica_y_parinacota_2024_BI23_mean.tif,168737096,167858249,878847,99.47916195025662,0.07372723351218169,0.05140394880469701,-0.8275862336158752,0.0009359271544963104,0.06731933355331421,0.3053437948226929,0.9455122947692871,0,True
ndvi_maximo_bisemanal,23,D:\GeoTIFF NDVI\maximo_bisemanal\ndvi_arica_y_parinacota_2024_BI23_max.tif,168737096,167858249,878847,99.47916195025662,0.08069905319826745,0.05609800805044143,-0.8275862336158752,0.0067632850259542465,0.07326865196228027,0.346309248209,1.0,0,True
ndvi_minimo_bisemanal,23,D:\GeoTIFF NDVI\minimo_bisemanal\ndvi_arica_y_parinacota_2024_BI23_min.tif,168737096,167858249,878847,99.47916195025662,0.06642859577514809,0.048325859023652905,-1.0,-0.009505482986569405,0.06104523316025734,0.26639752030372643,0.9197313189506531,0,True
ndvi_desvest_bisemanal,23,D:\GeoTIFF NDVI\desvest_bisemanal\ndvi_arica_y_parinacota_2024_BI23_std.tif,168737096,167858249,878847,99.47916195025662,0.0064001211566614815,0.009194510545145371,0.0,0.0,0.004593606849625922,0.04194103988304264,0.5638051044083526,0,True
ndvi_media_bisemanal,24,D:\GeoTIFF NDVI\media_bisemanal\ndvi_arica_y_parinacota_2024_BI24_mean.tif,168737096,147426979,21310117,87.3708167882657,0.07134518380201557,0.05260974997581857,-1.0,-0.007789363036863506,0.06387049704790115,0.3212529346346855,0.9934875965118408,0,True
ndvi_maximo_bisemanal,24,D:\GeoTIFF NDVI\maximo_bisemanal\ndvi_arica_y_parinacota_2024_BI24_max.tif,168737096,147426979,21310117,87.3708167882657,0.07487593160601219,0.05400801848921747,-1.0,-0.006332725984975696,0.0667220950126648,0.33643682301044464,1.0,0,True
ndvi_minimo_bisemanal,24,D:\GeoTIFF NDVI\minimo_bisemanal\ndvi_arica_y_parinacota_2024_BI24_min.tif,168737096,147426979,21310117,87.3708167882657,0.0676502628136019,0.05221408318209769,-1.0,-0.00982896308414638,0.06045479699969292,0.31328295916318893,0.9934875965118408,0,True
ndvi_desvest_bisemanal,24,D:\GeoTIFF NDVI\desvest_bisemanal\ndvi_arica_y_parinacota_2024_BI24_std.tif,168737096,147426979,21310117,87.3708167882657,0.0035518777663658086,0.007063126459644409,0.0,0.0,0.000424627926695897,0.026140164629267066,0.5270935960591133,0,True
ndvi_media_bisemanal,25,D:\GeoTIFF NDVI\media_bisemanal\ndvi_arica_y_parinacota_2024_BI25_mean.tif,168737096,167978254,758842,99.55028146270811,0.07253047889037494,0.05839465017051632,-0.7422897815704346,-0.004553906209766861,0.06392252445220947,0.3395787286758418,1.0,0,True
ndvi_maximo_bisemanal,25,D:\GeoTIFF NDVI\maximo_bisemanal\ndvi_arica_y_parinacota_2024_BI25_max.tif,168737096,167978254,758842,99.55028146270811,0.08169375233123959,0.06456082354371506,-0.708737850189209,0.0016300522815436136,0.07154741883277893,0.40563636422157223,1.0,0,True
ndvi_minimo_bisemanal,25,D:\GeoTIFF NDVI\minimo_bisemanal\ndvi_arica_y_parinacota_2024_BI25_min.tif,168737096,167978254,758842,99.55028146270811,0.06328647052012594,0.054380779009673974,-1.0,-0.015893891379237173,0.056603774428367615,0.2795371294021606,1.0,0,True
ndvi_desvest_bisemanal,25,D:\GeoTIFF NDVI\desvest_bisemanal\ndvi_arica_y_parinacota_2024_BI25_std.tif,168737096,167978254,758842,99.55028146270811,0.007284660230096498,0.010287741728582581,0.0,0.0,0.0052127622845935,0.050539328826498676,0.6157628656359625,0,True
ndvi_media_bisemanal,26,D:\GeoTIFF NDVI\media_bisemanal\ndvi_arica_y_parinacota_2024_BI26_mean.tif,168737096,168210018,527078,99.68763359540098,0.07761054637053776,0.0540193970691516,-0.5892142653465271,0.0014146867347881208,0.07058059424161911,0.3231218302249884,0.9332062602043152,0,True
ndvi_maximo_bisemanal,26,D:\GeoTIFF NDVI\maximo_bisemanal\ndvi_arica_y_parinacota_2024_BI26_max.tif,168737096,168210018,527078,99.68763359540098,0.08636005193975857,0.06346894047138675,-0.583832323551178,0.006769040822982789,0.07707317173480988,0.39882498025894053,1.0,0,True
ndvi_minimo_bisemanal,26,D:\GeoTIFF NDVI\minimo_bisemanal\ndvi_arica_y_parinacota_2024_BI26_min.tif,168737096,168210018,527078,99.68763359540098,0.0685538313487407,0.04678285670465691,-1.0,-0.004912487398833036,0.06306306272745132,0.25097693204879734,0.9316239356994629,0,True
ndvi_desvest_bisemanal,26,D:\GeoTIFF NDVI\desvest_bisemanal\ndvi_arica_y_parinacota_2024_BI26_std.tif,168737096,168210018,527078,99.68763359540098,0.007973961524320276,0.01294146287234784,0.0,0.0,0.004917321650116956,0.05629735736950802,0.4843304843304843,0,True
