biweek,comparable_pixels,failed_min_mean_max,failed_pct
1,166284091,0,0.0
2,164500904,0,0.0
3,164140105,0,0.0
4,104463369,0,0.0
5,34923466,0,0.0
6,167718524,0,0.0
7,166952676,0,0.0
8,168132050,0,0.0
9,168185360,0,0.0
10,165449793,0,0.0
11,166406288,0,0.0
12,164531295,0,0.0
13,160249401,0,0.0
14,164381474,0,0.0
15,164090152,0,0.0
16,165647789,0,0.0
17,164905394,0,0.0
18,163017012,0,0.0
19,167864165,0,0.0
20,165217839,0,0.0
21,168091370,0,0.0
22,168612877,0,0.0
23,167858249,0,0.0
24,147426979,0,0.0
25,167978254,0,0.0
26,168210018,0,0.0
