metric,folder,biweek,path,filename,bytes,mtime_ns
ndvi_media_bisemanal,D:\GeoTIFF NDVI\media_bisemanal,1,D:\GeoTIFF NDVI\media_bisemanal\ndvi_arica_y_parinacota_2024_BI01_mean.tif,ndvi_arica_y_parinacota_2024_BI01_mean.tif,1375247346,1779116740000000000
ndvi_media_bisemanal,D:\GeoTIFF NDVI\media_bisemanal,2,D:\GeoTIFF NDVI\media_bisemanal\ndvi_arica_y_parinacota_2024_BI02_mean.tif,ndvi_arica_y_parinacota_2024_BI02_mean.tif,1364485678,1779121068000000000
ndvi_media_bisemanal,D:\GeoTIFF NDVI\media_bisemanal,3,D:\GeoTIFF NDVI\media_bisemanal\ndvi_arica_y_parinacota_2024_BI03_mean.tif,ndvi_arica_y_parinacota_2024_BI03_mean.tif,1321854681,1779121242000000000
ndvi_media_bisemanal,D:\GeoTIFF NDVI\media_bisemanal,4,D:\GeoTIFF NDVI\media_bisemanal\ndvi_arica_y_parinacota_2024_BI04_mean.tif,ndvi_arica_y_parinacota_2024_BI04_mean.tif,777263574,1779121388000000000
ndvi_media_bisemanal,D:\GeoTIFF NDVI\media_bisemanal,5,D:\GeoTIFF NDVI\media_bisemanal\ndvi_arica_y_parinacota_2024_BI05_mean.tif,ndvi_arica_y_parinacota_2024_BI05_mean.tif,372065467,1779121488000000000
ndvi_media_bisemanal,D:\GeoTIFF NDVI\media_bisemanal,6,D:\GeoTIFF NDVI\media_bisemanal\ndvi_arica_y_parinacota_2024_BI06_mean.tif,ndvi_arica_y_parinacota_2024_BI06_mean.tif,1396064845,1779121628000000000
ndvi_media_bisemanal,D:\GeoTIFF NDVI\media_bisemanal,7,D:\GeoTIFF NDVI\media_bisemanal\ndvi_arica_y_parinacota_2024_BI07_mean.tif,ndvi_arica_y_parinacota_2024_BI07_mean.tif,1388438833,1779123268000000000
ndvi_media_bisemanal,D:\GeoTIFF NDVI\media_bisemanal,8,D:\GeoTIFF NDVI\media_bisemanal\ndvi_arica_y_parinacota_2024_BI08_mean.tif,ndvi_arica_y_parinacota_2024_BI08_mean.tif,1395545423,1779123470000000000
ndvi_media_bisemanal,D:\GeoTIFF NDVI\media_bisemanal,9,D:\GeoTIFF NDVI\media_bisemanal\ndvi_arica_y_parinacota_2024_BI09_mean.tif,ndvi_arica_y_parinacota_2024_BI09_mean.tif,1387479131,1779123656000000000
ndvi_media_bisemanal,D:\GeoTIFF NDVI\media_bisemanal,10,D:\GeoTIFF NDVI\media_bisemanal\ndvi_arica_y_parinacota_2024_BI10_mean.tif,ndvi_arica_y_parinacota_2024_BI10_mean.tif,1325382998,1779123822000000000
ndvi_media_bisemanal,D:\GeoTIFF NDVI\media_bisemanal,11,D:\GeoTIFF NDVI\media_bisemanal\ndvi_arica_y_parinacota_2024_BI11_mean.tif,ndvi_arica_y_parinacota_2024_BI11_mean.tif,1369759094,1779123992000000000
ndvi_media_bisemanal,D:\GeoTIFF NDVI\media_bisemanal,12,D:\GeoTIFF NDVI\media_bisemanal\ndvi_arica_y_parinacota_2024_BI12_mean.tif,ndvi_arica_y_parinacota_2024_BI12_mean.tif,1322455998,1779124176000000000
ndvi_media_bisemanal,D:\GeoTIFF NDVI\media_bisemanal,13,D:\GeoTIFF NDVI\media_bisemanal\ndvi_arica_y_parinacota_2024_BI13_mean.tif,ndvi_arica_y_parinacota_2024_BI13_mean.tif,1288582230,1779124362000000000
ndvi_media_bisemanal,D:\GeoTIFF NDVI\media_bisemanal,14,D:\GeoTIFF NDVI\media_bisemanal\ndvi_arica_y_parinacota_2024_BI14_mean.tif,ndvi_arica_y_parinacota_2024_BI14_mean.tif,1311224241,1779124544000000000
ndvi_media_bisemanal,D:\GeoTIFF NDVI\media_bisemanal,15,D:\GeoTIFF NDVI\media_bisemanal\ndvi_arica_y_parinacota_2024_BI15_mean.tif,ndvi_arica_y_parinacota_2024_BI15_mean.tif,1317848020,1779124720000000000
ndvi_media_bisemanal,D:\GeoTIFF NDVI\media_bisemanal,16,D:\GeoTIFF NDVI\media_bisemanal\ndvi_arica_y_parinacota_2024_BI16_mean.tif,ndvi_arica_y_parinacota_2024_BI16_mean.tif,1330006900,1779124900000000000
ndvi_media_bisemanal,D:\GeoTIFF NDVI\media_bisemanal,17,D:\GeoTIFF NDVI\media_bisemanal\ndvi_arica_y_parinacota_2024_BI17_mean.tif,ndvi_arica_y_parinacota_2024_BI17_mean.tif,1309610126,1779125080000000000
ndvi_media_bisemanal,D:\GeoTIFF NDVI\media_bisemanal,18,D:\GeoTIFF NDVI\media_bisemanal\ndvi_arica_y_parinacota_2024_BI18_mean.tif,ndvi_arica_y_parinacota_2024_BI18_mean.tif,1288720816,1779125252000000000
ndvi_media_bisemanal,D:\GeoTIFF NDVI\media_bisemanal,19,D:\GeoTIFF NDVI\media_bisemanal\ndvi_arica_y_parinacota_2024_BI19_mean.tif,ndvi_arica_y_parinacota_2024_BI19_mean.tif,1348267476,1779125418000000000
ndvi_media_bisemanal,D:\GeoTIFF NDVI\media_bisemanal,20,D:\GeoTIFF NDVI\media_bisemanal\ndvi_arica_y_parinacota_2024_BI20_mean.tif,ndvi_arica_y_parinacota_2024_BI20_mean.tif,1328460764,1779125590000000000
ndvi_media_bisemanal,D:\GeoTIFF NDVI\media_bisemanal,21,D:\GeoTIFF NDVI\media_bisemanal\ndvi_arica_y_parinacota_2024_BI21_mean.tif,ndvi_arica_y_parinacota_2024_BI21_mean.tif,1376900122,1779125794000000000
ndvi_media_bisemanal,D:\GeoTIFF NDVI\media_bisemanal,22,D:\GeoTIFF NDVI\media_bisemanal\ndvi_arica_y_parinacota_2024_BI22_mean.tif,ndvi_arica_y_parinacota_2024_BI22_mean.tif,1355805742,1779125982000000000
ndvi_media_bisemanal,D:\GeoTIFF NDVI\media_bisemanal,23,D:\GeoTIFF NDVI\media_bisemanal\ndvi_arica_y_parinacota_2024_BI23_mean.tif,ndvi_arica_y_parinacota_2024_BI23_mean.tif,1374759962,1779126170000000000
ndvi_media_bisemanal,D:\GeoTIFF NDVI\media_bisemanal,24,D:\GeoTIFF NDVI\media_bisemanal\ndvi_arica_y_parinacota_2024_BI24_mean.tif,ndvi_arica_y_parinacota_2024_BI24_mean.tif,1153124256,1779126362000000000
ndvi_media_bisemanal,D:\GeoTIFF NDVI\media_bisemanal,25,D:\GeoTIFF NDVI\media_bisemanal\ndvi_arica_y_parinacota_2024_BI25_mean.tif,ndvi_arica_y_parinacota_2024_BI25_mean.tif,1372032493,1779126548000000000
ndvi_media_bisemanal,D:\GeoTIFF NDVI\media_bisemanal,26,D:\GeoTIFF NDVI\media_bisemanal\ndvi_arica_y_parinacota_2024_BI26_mean.tif,ndvi_arica_y_parinacota_2024_BI26_mean.tif,1370867801,1779126748000000000
ndvi_maximo_bisemanal,D:\GeoTIFF NDVI\maximo_bisemanal,1,D:\GeoTIFF NDVI\maximo_bisemanal\ndvi_arica_y_parinacota_2024_BI01_max.tif,ndvi_arica_y_parinacota_2024_BI01_max.tif,1287076451,1779116854000000000
ndvi_maximo_bisemanal,D:\GeoTIFF NDVI\maximo_bisemanal,2,D:\GeoTIFF NDVI\maximo_bisemanal\ndvi_arica_y_parinacota_2024_BI02_max.tif,ndvi_arica_y_parinacota_2024_BI02_max.tif,1279904311,1779121158000000000
ndvi_maximo_bisemanal,D:\GeoTIFF NDVI\maximo_bisemanal,3,D:\GeoTIFF NDVI\maximo_bisemanal\ndvi_arica_y_parinacota_2024_BI03_max.tif,ndvi_arica_y_parinacota_2024_BI03_max.tif,1269720429,1779121328000000000
ndvi_maximo_bisemanal,D:\GeoTIFF NDVI\maximo_bisemanal,4,D:\GeoTIFF NDVI\maximo_bisemanal\ndvi_arica_y_parinacota_2024_BI04_max.tif,ndvi_arica_y_parinacota_2024_BI04_max.tif,764977317,1779121448000000000
ndvi_maximo_bisemanal,D:\GeoTIFF NDVI\maximo_bisemanal,5,D:\GeoTIFF NDVI\maximo_bisemanal\ndvi_arica_y_parinacota_2024_BI05_max.tif,ndvi_arica_y_parinacota_2024_BI05_max.tif,368748521,1779121524000000000
ndvi_maximo_bisemanal,D:\GeoTIFF NDVI\maximo_bisemanal,6,D:\GeoTIFF NDVI\maximo_bisemanal\ndvi_arica_y_parinacota_2024_BI06_max.tif,ndvi_arica_y_parinacota_2024_BI06_max.tif,1308026243,1779123172000000000
ndvi_maximo_bisemanal,D:\GeoTIFF NDVI\maximo_bisemanal,7,D:\GeoTIFF NDVI\maximo_bisemanal\ndvi_arica_y_parinacota_2024_BI07_max.tif,ndvi_arica_y_parinacota_2024_BI07_max.tif,1306746397,1779123358000000000
ndvi_maximo_bisemanal,D:\GeoTIFF NDVI\maximo_bisemanal,8,D:\GeoTIFF NDVI\maximo_bisemanal\ndvi_arica_y_parinacota_2024_BI08_max.tif,ndvi_arica_y_parinacota_2024_BI08_max.tif,1315098164,1779123574000000000
ndvi_maximo_bisemanal,D:\GeoTIFF NDVI\maximo_bisemanal,9,D:\GeoTIFF NDVI\maximo_bisemanal\ndvi_arica_y_parinacota_2024_BI09_max.tif,ndvi_arica_y_parinacota_2024_BI09_max.tif,1312601128,1779123736000000000
ndvi_maximo_bisemanal,D:\GeoTIFF NDVI\maximo_bisemanal,10,D:\GeoTIFF NDVI\maximo_bisemanal\ndvi_arica_y_parinacota_2024_BI10_max.tif,ndvi_arica_y_parinacota_2024_BI10_max.tif,1272510499,1779123900000000000
ndvi_maximo_bisemanal,D:\GeoTIFF NDVI\maximo_bisemanal,11,D:\GeoTIFF NDVI\maximo_bisemanal\ndvi_arica_y_parinacota_2024_BI11_max.tif,ndvi_arica_y_parinacota_2024_BI11_max.tif,1294966917,1779124090000000000
ndvi_maximo_bisemanal,D:\GeoTIFF NDVI\maximo_bisemanal,12,D:\GeoTIFF NDVI\maximo_bisemanal\ndvi_arica_y_parinacota_2024_BI12_max.tif,ndvi_arica_y_parinacota_2024_BI12_max.tif,1263509969,1779124266000000000
ndvi_maximo_bisemanal,D:\GeoTIFF NDVI\maximo_bisemanal,13,D:\GeoTIFF NDVI\maximo_bisemanal\ndvi_arica_y_parinacota_2024_BI13_max.tif,ndvi_arica_y_parinacota_2024_BI13_max.tif,1232137825,1779124458000000000
ndvi_maximo_bisemanal,D:\GeoTIFF NDVI\maximo_bisemanal,14,D:\GeoTIFF NDVI\maximo_bisemanal\ndvi_arica_y_parinacota_2024_BI14_max.tif,ndvi_arica_y_parinacota_2024_BI14_max.tif,1255547599,1779124624000000000
ndvi_maximo_bisemanal,D:\GeoTIFF NDVI\maximo_bisemanal,15,D:\GeoTIFF NDVI\maximo_bisemanal\ndvi_arica_y_parinacota_2024_BI15_max.tif,ndvi_arica_y_parinacota_2024_BI15_max.tif,1247344735,1779124810000000000
ndvi_maximo_bisemanal,D:\GeoTIFF NDVI\maximo_bisemanal,16,D:\GeoTIFF NDVI\maximo_bisemanal\ndvi_arica_y_parinacota_2024_BI16_max.tif,ndvi_arica_y_parinacota_2024_BI16_max.tif,1269473178,1779124994000000000
ndvi_maximo_bisemanal,D:\GeoTIFF NDVI\maximo_bisemanal,17,D:\GeoTIFF NDVI\maximo_bisemanal\ndvi_arica_y_parinacota_2024_BI17_max.tif,ndvi_arica_y_parinacota_2024_BI17_max.tif,1253729548,1779125166000000000
ndvi_maximo_bisemanal,D:\GeoTIFF NDVI\maximo_bisemanal,18,D:\GeoTIFF NDVI\maximo_bisemanal\ndvi_arica_y_parinacota_2024_BI18_max.tif,ndvi_arica_y_parinacota_2024_BI18_max.tif,1235610230,1779125340000000000
ndvi_maximo_bisemanal,D:\GeoTIFF NDVI\maximo_bisemanal,19,D:\GeoTIFF NDVI\maximo_bisemanal\ndvi_arica_y_parinacota_2024_BI19_max.tif,ndvi_arica_y_parinacota_2024_BI19_max.tif,1290455164,1779125492000000000
ndvi_maximo_bisemanal,D:\GeoTIFF NDVI\maximo_bisemanal,20,D:\GeoTIFF NDVI\maximo_bisemanal\ndvi_arica_y_parinacota_2024_BI20_max.tif,ndvi_arica_y_parinacota_2024_BI20_max.tif,1261752082,1779125688000000000
ndvi_maximo_bisemanal,D:\GeoTIFF NDVI\maximo_bisemanal,21,D:\GeoTIFF NDVI\maximo_bisemanal\ndvi_arica_y_parinacota_2024_BI21_max.tif,ndvi_arica_y_parinacota_2024_BI21_max.tif,1284053334,1779125890000000000
ndvi_maximo_bisemanal,D:\GeoTIFF NDVI\maximo_bisemanal,22,D:\GeoTIFF NDVI\maximo_bisemanal\ndvi_arica_y_parinacota_2024_BI22_max.tif,ndvi_arica_y_parinacota_2024_BI22_max.tif,1285853073,1779126082000000000
ndvi_maximo_bisemanal,D:\GeoTIFF NDVI\maximo_bisemanal,23,D:\GeoTIFF NDVI\maximo_bisemanal\ndvi_arica_y_parinacota_2024_BI23_max.tif,ndvi_arica_y_parinacota_2024_BI23_max.tif,1283300916,1779126272000000000
ndvi_maximo_bisemanal,D:\GeoTIFF NDVI\maximo_bisemanal,24,D:\GeoTIFF NDVI\maximo_bisemanal\ndvi_arica_y_parinacota_2024_BI24_max.tif,ndvi_arica_y_parinacota_2024_BI24_max.tif,1109317990,1779126436000000000
ndvi_maximo_bisemanal,D:\GeoTIFF NDVI\maximo_bisemanal,25,D:\GeoTIFF NDVI\maximo_bisemanal\ndvi_arica_y_parinacota_2024_BI25_max.tif,ndvi_arica_y_parinacota_2024_BI25_max.tif,1287274594,1779126656000000000
ndvi_maximo_bisemanal,D:\GeoTIFF NDVI\maximo_bisemanal,26,D:\GeoTIFF NDVI\maximo_bisemanal\ndvi_arica_y_parinacota_2024_BI26_max.tif,ndvi_arica_y_parinacota_2024_BI26_max.tif,1287425760,1779126842000000000
ndvi_minimo_bisemanal,D:\GeoTIFF NDVI\minimo_bisemanal,1,D:\GeoTIFF NDVI\minimo_bisemanal\ndvi_arica_y_parinacota_2024_BI01_min.tif,ndvi_arica_y_parinacota_2024_BI01_min.tif,1290180623,1779128352000000000
ndvi_minimo_bisemanal,D:\GeoTIFF NDVI\minimo_bisemanal,2,D:\GeoTIFF NDVI\minimo_bisemanal\ndvi_arica_y_parinacota_2024_BI02_min.tif,ndvi_arica_y_parinacota_2024_BI02_min.tif,1285544394,1779128556000000000
ndvi_minimo_bisemanal,D:\GeoTIFF NDVI\minimo_bisemanal,3,D:\GeoTIFF NDVI\minimo_bisemanal\ndvi_arica_y_parinacota_2024_BI03_min.tif,ndvi_arica_y_parinacota_2024_BI03_min.tif,1266443146,1781472356000000000
ndvi_minimo_bisemanal,D:\GeoTIFF NDVI\minimo_bisemanal,4,D:\GeoTIFF NDVI\minimo_bisemanal\ndvi_arica_y_parinacota_2024_BI04_min.tif,ndvi_arica_y_parinacota_2024_BI04_min.tif,764924709,1779137856000000000
ndvi_minimo_bisemanal,D:\GeoTIFF NDVI\minimo_bisemanal,5,D:\GeoTIFF NDVI\minimo_bisemanal\ndvi_arica_y_parinacota_2024_BI05_min.tif,ndvi_arica_y_parinacota_2024_BI05_min.tif,368693771,1779137972000000000
ndvi_minimo_bisemanal,D:\GeoTIFF NDVI\minimo_bisemanal,6,D:\GeoTIFF NDVI\minimo_bisemanal\ndvi_arica_y_parinacota_2024_BI06_min.tif,ndvi_arica_y_parinacota_2024_BI06_min.tif,1320634736,1779138346000000000
ndvi_minimo_bisemanal,D:\GeoTIFF NDVI\minimo_bisemanal,7,D:\GeoTIFF NDVI\minimo_bisemanal\ndvi_arica_y_parinacota_2024_BI07_min.tif,ndvi_arica_y_parinacota_2024_BI07_min.tif,1312424978,1779138576000000000
ndvi_minimo_bisemanal,D:\GeoTIFF NDVI\minimo_bisemanal,8,D:\GeoTIFF NDVI\minimo_bisemanal\ndvi_arica_y_parinacota_2024_BI08_min.tif,ndvi_arica_y_parinacota_2024_BI08_min.tif,1321124216,1779138842000000000
ndvi_minimo_bisemanal,D:\GeoTIFF NDVI\minimo_bisemanal,9,D:\GeoTIFF NDVI\minimo_bisemanal\ndvi_arica_y_parinacota_2024_BI09_min.tif,ndvi_arica_y_parinacota_2024_BI09_min.tif,1313363509,1779139078000000000
ndvi_minimo_bisemanal,D:\GeoTIFF NDVI\minimo_bisemanal,10,D:\GeoTIFF NDVI\minimo_bisemanal\ndvi_arica_y_parinacota_2024_BI10_min.tif,ndvi_arica_y_parinacota_2024_BI10_min.tif,1274703523,1779139288000000000
ndvi_minimo_bisemanal,D:\GeoTIFF NDVI\minimo_bisemanal,11,D:\GeoTIFF NDVI\minimo_bisemanal\ndvi_arica_y_parinacota_2024_BI11_min.tif,ndvi_arica_y_parinacota_2024_BI11_min.tif,1298029828,1779139532000000000
ndvi_minimo_bisemanal,D:\GeoTIFF NDVI\minimo_bisemanal,12,D:\GeoTIFF NDVI\minimo_bisemanal\ndvi_arica_y_parinacota_2024_BI12_min.tif,ndvi_arica_y_parinacota_2024_BI12_min.tif,1267293193,1779139840000000000
ndvi_minimo_bisemanal,D:\GeoTIFF NDVI\minimo_bisemanal,13,D:\GeoTIFF NDVI\minimo_bisemanal\ndvi_arica_y_parinacota_2024_BI13_min.tif,ndvi_arica_y_parinacota_2024_BI13_min.tif,1236667893,1779140104000000000
ndvi_minimo_bisemanal,D:\GeoTIFF NDVI\minimo_bisemanal,14,D:\GeoTIFF NDVI\minimo_bisemanal\ndvi_arica_y_parinacota_2024_BI14_min.tif,ndvi_arica_y_parinacota_2024_BI14_min.tif,1256349553,1779140326000000000
ndvi_minimo_bisemanal,D:\GeoTIFF NDVI\minimo_bisemanal,15,D:\GeoTIFF NDVI\minimo_bisemanal\ndvi_arica_y_parinacota_2024_BI15_min.tif,ndvi_arica_y_parinacota_2024_BI15_min.tif,1248602470,1779140544000000000
ndvi_minimo_bisemanal,D:\GeoTIFF NDVI\minimo_bisemanal,16,D:\GeoTIFF NDVI\minimo_bisemanal\ndvi_arica_y_parinacota_2024_BI16_min.tif,ndvi_arica_y_parinacota_2024_BI16_min.tif,1269802262,1779140782000000000
ndvi_minimo_bisemanal,D:\GeoTIFF NDVI\minimo_bisemanal,17,D:\GeoTIFF NDVI\minimo_bisemanal\ndvi_arica_y_parinacota_2024_BI17_min.tif,ndvi_arica_y_parinacota_2024_BI17_min.tif,1266861391,1779141008000000000
ndvi_minimo_bisemanal,D:\GeoTIFF NDVI\minimo_bisemanal,18,D:\GeoTIFF NDVI\minimo_bisemanal\ndvi_arica_y_parinacota_2024_BI18_min.tif,ndvi_arica_y_parinacota_2024_BI18_min.tif,1245980932,1779141226000000000
ndvi_minimo_bisemanal,D:\GeoTIFF NDVI\minimo_bisemanal,19,D:\GeoTIFF NDVI\minimo_bisemanal\ndvi_arica_y_parinacota_2024_BI19_min.tif,ndvi_arica_y_parinacota_2024_BI19_min.tif,1287286513,1779141456000000000
ndvi_minimo_bisemanal,D:\GeoTIFF NDVI\minimo_bisemanal,20,D:\GeoTIFF NDVI\minimo_bisemanal\ndvi_arica_y_parinacota_2024_BI20_min.tif,ndvi_arica_y_parinacota_2024_BI20_min.tif,1264347560,1779141672000000000
ndvi_minimo_bisemanal,D:\GeoTIFF NDVI\minimo_bisemanal,21,D:\GeoTIFF NDVI\minimo_bisemanal\ndvi_arica_y_parinacota_2024_BI21_min.tif,ndvi_arica_y_parinacota_2024_BI21_min.tif,1293532375,1779141906000000000
ndvi_minimo_bisemanal,D:\GeoTIFF NDVI\minimo_bisemanal,22,D:\GeoTIFF NDVI\minimo_bisemanal\ndvi_arica_y_parinacota_2024_BI22_min.tif,ndvi_arica_y_parinacota_2024_BI22_min.tif,1288550260,1779142136000000000
ndvi_minimo_bisemanal,D:\GeoTIFF NDVI\minimo_bisemanal,23,D:\GeoTIFF NDVI\minimo_bisemanal\ndvi_arica_y_parinacota_2024_BI23_min.tif,ndvi_arica_y_parinacota_2024_BI23_min.tif,1291934555,1779142362000000000
ndvi_minimo_bisemanal,D:\GeoTIFF NDVI\minimo_bisemanal,24,D:\GeoTIFF NDVI\minimo_bisemanal\ndvi_arica_y_parinacota_2024_BI24_min.tif,ndvi_arica_y_parinacota_2024_BI24_min.tif,1109736638,1779142578000000000
ndvi_minimo_bisemanal,D:\GeoTIFF NDVI\minimo_bisemanal,25,D:\GeoTIFF NDVI\minimo_bisemanal\ndvi_arica_y_parinacota_2024_BI25_min.tif,ndvi_arica_y_parinacota_2024_BI25_min.tif,1291801308,1779142800000000000
ndvi_minimo_bisemanal,D:\GeoTIFF NDVI\minimo_bisemanal,26,D:\GeoTIFF NDVI\minimo_bisemanal\ndvi_arica_y_parinacota_2024_BI26_min.tif,ndvi_arica_y_parinacota_2024_BI26_min.tif,1282722763,1779143048000000000
ndvi_desvest_bisemanal,D:\GeoTIFF NDVI\desvest_bisemanal,1,D:\GeoTIFF NDVI\desvest_bisemanal\ndvi_arica_y_parinacota_2024_BI01_std.tif,ndvi_arica_y_parinacota_2024_BI01_std.tif,2827434872,1779128472000000000
ndvi_desvest_bisemanal,D:\GeoTIFF NDVI\desvest_bisemanal,2,D:\GeoTIFF NDVI\desvest_bisemanal\ndvi_arica_y_parinacota_2024_BI02_std.tif,ndvi_arica_y_parinacota_2024_BI02_std.tif,2688754481,1779128712000000000
ndvi_desvest_bisemanal,D:\GeoTIFF NDVI\desvest_bisemanal,3,D:\GeoTIFF NDVI\desvest_bisemanal\ndvi_arica_y_parinacota_2024_BI03_std.tif,ndvi_arica_y_parinacota_2024_BI03_std.tif,1948505457,1781472458000000000
ndvi_desvest_bisemanal,D:\GeoTIFF NDVI\desvest_bisemanal,4,D:\GeoTIFF NDVI\desvest_bisemanal\ndvi_arica_y_parinacota_2024_BI04_std.tif,ndvi_arica_y_parinacota_2024_BI04_std.tif,376320798,1779137918000000000
ndvi_desvest_bisemanal,D:\GeoTIFF NDVI\desvest_bisemanal,5,D:\GeoTIFF NDVI\desvest_bisemanal\ndvi_arica_y_parinacota_2024_BI05_std.tif,ndvi_arica_y_parinacota_2024_BI05_std.tif,98565372,1779138022000000000
ndvi_desvest_bisemanal,D:\GeoTIFF NDVI\desvest_bisemanal,6,D:\GeoTIFF NDVI\desvest_bisemanal\ndvi_arica_y_parinacota_2024_BI06_std.tif,ndvi_arica_y_parinacota_2024_BI06_std.tif,2859570855,1779138470000000000
ndvi_desvest_bisemanal,D:\GeoTIFF NDVI\desvest_bisemanal,7,D:\GeoTIFF NDVI\desvest_bisemanal\ndvi_arica_y_parinacota_2024_BI07_std.tif,ndvi_arica_y_parinacota_2024_BI07_std.tif,2810543687,1779138700000000000
ndvi_desvest_bisemanal,D:\GeoTIFF NDVI\desvest_bisemanal,8,D:\GeoTIFF NDVI\desvest_bisemanal\ndvi_arica_y_parinacota_2024_BI08_std.tif,ndvi_arica_y_parinacota_2024_BI08_std.tif,2990185924,1779138976000000000
ndvi_desvest_bisemanal,D:\GeoTIFF NDVI\desvest_bisemanal,9,D:\GeoTIFF NDVI\desvest_bisemanal\ndvi_arica_y_parinacota_2024_BI09_std.tif,ndvi_arica_y_parinacota_2024_BI09_std.tif,2843272035,1779139190000000000
ndvi_desvest_bisemanal,D:\GeoTIFF NDVI\desvest_bisemanal,10,D:\GeoTIFF NDVI\desvest_bisemanal\ndvi_arica_y_parinacota_2024_BI10_std.tif,ndvi_arica_y_parinacota_2024_BI10_std.tif,2382216764,1779139396000000000
ndvi_desvest_bisemanal,D:\GeoTIFF NDVI\desvest_bisemanal,11,D:\GeoTIFF NDVI\desvest_bisemanal\ndvi_arica_y_parinacota_2024_BI11_std.tif,ndvi_arica_y_parinacota_2024_BI11_std.tif,2900776530,1779139702000000000
ndvi_desvest_bisemanal,D:\GeoTIFF NDVI\desvest_bisemanal,12,D:\GeoTIFF NDVI\desvest_bisemanal\ndvi_arica_y_parinacota_2024_BI12_std.tif,ndvi_arica_y_parinacota_2024_BI12_std.tif,2503508845,1779139974000000000
ndvi_desvest_bisemanal,D:\GeoTIFF NDVI\desvest_bisemanal,13,D:\GeoTIFF NDVI\desvest_bisemanal\ndvi_arica_y_parinacota_2024_BI13_std.tif,ndvi_arica_y_parinacota_2024_BI13_std.tif,2447064309,1779140228000000000
ndvi_desvest_bisemanal,D:\GeoTIFF NDVI\desvest_bisemanal,14,D:\GeoTIFF NDVI\desvest_bisemanal\ndvi_arica_y_parinacota_2024_BI14_std.tif,ndvi_arica_y_parinacota_2024_BI14_std.tif,2435876341,1779140434000000000
ndvi_desvest_bisemanal,D:\GeoTIFF NDVI\desvest_bisemanal,15,D:\GeoTIFF NDVI\desvest_bisemanal\ndvi_arica_y_parinacota_2024_BI15_std.tif,ndvi_arica_y_parinacota_2024_BI15_std.tif,2835448422,1779140674000000000
ndvi_desvest_bisemanal,D:\GeoTIFF NDVI\desvest_bisemanal,16,D:\GeoTIFF NDVI\desvest_bisemanal\ndvi_arica_y_parinacota_2024_BI16_std.tif,ndvi_arica_y_parinacota_2024_BI16_std.tif,2511210169,1779140902000000000
ndvi_desvest_bisemanal,D:\GeoTIFF NDVI\desvest_bisemanal,17,D:\GeoTIFF NDVI\desvest_bisemanal\ndvi_arica_y_parinacota_2024_BI17_std.tif,ndvi_arica_y_parinacota_2024_BI17_std.tif,2437368003,1779141118000000000
ndvi_desvest_bisemanal,D:\GeoTIFF NDVI\desvest_bisemanal,18,D:\GeoTIFF NDVI\desvest_bisemanal\ndvi_arica_y_parinacota_2024_BI18_std.tif,ndvi_arica_y_parinacota_2024_BI18_std.tif,2330466783,1779141358000000000
ndvi_desvest_bisemanal,D:\GeoTIFF NDVI\desvest_bisemanal,19,D:\GeoTIFF NDVI\desvest_bisemanal\ndvi_arica_y_parinacota_2024_BI19_std.tif,ndvi_arica_y_parinacota_2024_BI19_std.tif,2462741110,1779141562000000000
ndvi_desvest_bisemanal,D:\GeoTIFF NDVI\desvest_bisemanal,20,D:\GeoTIFF NDVI\desvest_bisemanal\ndvi_arica_y_parinacota_2024_BI20_std.tif,ndvi_arica_y_parinacota_2024_BI20_std.tif,2520069141,1779141790000000000
ndvi_desvest_bisemanal,D:\GeoTIFF NDVI\desvest_bisemanal,21,D:\GeoTIFF NDVI\desvest_bisemanal\ndvi_arica_y_parinacota_2024_BI21_std.tif,ndvi_arica_y_parinacota_2024_BI21_std.tif,2980881375,1779142028000000000
ndvi_desvest_bisemanal,D:\GeoTIFF NDVI\desvest_bisemanal,22,D:\GeoTIFF NDVI\desvest_bisemanal\ndvi_arica_y_parinacota_2024_BI22_std.tif,ndvi_arica_y_parinacota_2024_BI22_std.tif,2524798158,1779142252000000000
ndvi_desvest_bisemanal,D:\GeoTIFF NDVI\desvest_bisemanal,23,D:\GeoTIFF NDVI\desvest_bisemanal\ndvi_arica_y_parinacota_2024_BI23_std.tif,ndvi_arica_y_parinacota_2024_BI23_std.tif,2811600387,1779142488000000000
ndvi_desvest_bisemanal,D:\GeoTIFF NDVI\desvest_bisemanal,24,D:\GeoTIFF NDVI\desvest_bisemanal\ndvi_arica_y_parinacota_2024_BI24_std.tif,ndvi_arica_y_parinacota_2024_BI24_std.tif,1563927423,1779142672000000000
ndvi_desvest_bisemanal,D:\GeoTIFF NDVI\desvest_bisemanal,25,D:\GeoTIFF NDVI\desvest_bisemanal\ndvi_arica_y_parinacota_2024_BI25_std.tif,ndvi_arica_y_parinacota_2024_BI25_std.tif,2843904610,1779142936000000000
ndvi_desvest_bisemanal,D:\GeoTIFF NDVI\desvest_bisemanal,26,D:\GeoTIFF NDVI\desvest_bisemanal\ndvi_arica_y_parinacota_2024_BI26_std.tif,ndvi_arica_y_parinacota_2024_BI26_std.tif,2883505366,1779143172000000000
