metric,biweek,count,mean,std,min,5%,25%,50%,75%,95%,max
ndvi_desvest_bisemanal,1,3409.0,98.07890412047112,10.663251937399835,0.0,96.17941335315203,100.0,100.0,100.0,100.0,100.0
ndvi_desvest_bisemanal,2,3409.0,97.18291177907503,10.59926406468171,0.0,79.42770008417077,100.0,100.0,100.0,100.0,100.0
ndvi_desvest_bisemanal,3,3409.0,96.96488113742684,12.417400110691943,0.0,81.89228506662353,100.0,100.0,100.0,100.0,100.0
ndvi_desvest_bisemanal,4,3409.0,60.968296224178445,40.76594730254946,0.0,0.0,15.296216713989716,77.24979417787254,100.0,100.0,100.0
ndvi_desvest_bisemanal,5,3409.0,20.28010366588676,37.17577278565989,0.0,0.0,0.0,0.0,13.045159294772658,100.0,100.0
ndvi_desvest_bisemanal,6,3409.0,99.05132942990221,7.822148775497036,0.0,100.0,100.0,100.0,100.0,100.0,100.0
ndvi_desvest_bisemanal,7,3409.0,98.66011629023072,8.668413377543917,0.0,99.63575169259158,100.0,100.0,100.0,100.0,100.0
ndvi_desvest_bisemanal,8,3409.0,99.4571990706755,5.3511620166016245,0.0,100.0,100.0,100.0,100.0,100.0,100.0
ndvi_desvest_bisemanal,9,3409.0,99.54404948057854,4.525828199918322,0.0,100.0,100.0,100.0,100.0,100.0,100.0
ndvi_desvest_bisemanal,10,3409.0,97.63373387748062,13.945003071442732,0.0,99.16719859337181,100.0,100.0,100.0,100.0,100.0
ndvi_desvest_bisemanal,11,3409.0,98.64240834969007,9.585686260526149,0.0,100.0,100.0,100.0,100.0,100.0,100.0
ndvi_desvest_bisemanal,12,3409.0,97.5037226622406,14.117104667125322,0.0,98.04298553562676,100.0,100.0,100.0,100.0,100.0
ndvi_desvest_bisemanal,13,3409.0,94.88404988004493,19.172735497246876,0.0,56.90712162311052,100.0,100.0,100.0,100.0,100.0
ndvi_desvest_bisemanal,14,3409.0,97.19983789476626,14.803194782400292,0.0,96.73283205502213,100.0,100.0,100.0,100.0,100.0
ndvi_desvest_bisemanal,15,3409.0,97.01422428860631,15.537964963052637,0.0,96.83808465412557,100.0,100.0,100.0,100.0,100.0
ndvi_desvest_bisemanal,16,3409.0,98.02886584170989,11.636249400415954,0.0,99.06391966364018,100.0,100.0,100.0,100.0,100.0
ndvi_desvest_bisemanal,17,3409.0,97.41526884207927,14.385510814619542,0.0,98.60731122961589,100.0,100.0,100.0,100.0,100.0
ndvi_desvest_bisemanal,18,3409.0,96.27434831946238,17.130331385088112,0.0,88.11111343276009,100.0,100.0,100.0,100.0,100.0
ndvi_desvest_bisemanal,19,3409.0,99.31303719110905,6.1546941800255714,0.0,100.0,100.0,100.0,100.0,100.0,100.0
ndvi_desvest_bisemanal,20,3409.0,97.86960509450641,12.155684750343745,0.0,95.09139436560785,100.0,100.0,100.0,100.0,100.0
ndvi_desvest_bisemanal,21,3409.0,99.57721869740745,4.6607215906920825,4.18080629835754,100.0,100.0,100.0,100.0,100.0,100.0
ndvi_desvest_bisemanal,22,3409.0,99.8804393671496,1.9058399554897978,21.116622042751175,100.0,100.0,100.0,100.0,100.0,100.0
ndvi_desvest_bisemanal,23,3409.0,99.45354426099365,4.826540275215318,7.056904327799636,99.9964137711189,100.0,100.0,100.0,100.0,100.0
ndvi_desvest_bisemanal,24,3409.0,87.32653081236816,27.611497766323613,0.0,7.375147246914337,96.82939591852555,100.0,100.0,100.0,100.0
ndvi_desvest_bisemanal,25,3409.0,99.37652433444433,5.30516808145576,0.0,100.0,100.0,100.0,100.0,100.0,100.0
ndvi_desvest_bisemanal,26,3409.0,99.6077052599132,4.494307705890127,6.838432164333056,100.0,100.0,100.0,100.0,100.0,100.0
ndvi_maximo_bisemanal,1,3409.0,98.07890412047112,10.663251937399835,0.0,96.17941335315203,100.0,100.0,100.0,100.0,100.0
ndvi_maximo_bisemanal,2,3409.0,97.18291177907503,10.59926406468171,0.0,79.42770008417077,100.0,100.0,100.0,100.0,100.0
ndvi_maximo_bisemanal,3,3409.0,96.96488113742684,12.417400110691943,0.0,81.89228506662353,100.0,100.0,100.0,100.0,100.0
ndvi_maximo_bisemanal,4,3409.0,60.968296224178445,40.76594730254946,0.0,0.0,15.296216713989716,77.24979417787254,100.0,100.0,100.0
ndvi_maximo_bisemanal,5,3409.0,20.28010366588676,37.17577278565989,0.0,0.0,0.0,0.0,13.045159294772658,100.0,100.0
ndvi_maximo_bisemanal,6,3409.0,99.05132942990221,7.822148775497036,0.0,100.0,100.0,100.0,100.0,100.0,100.0
ndvi_maximo_bisemanal,7,3409.0,98.66011629023072,8.668413377543917,0.0,99.63575169259158,100.0,100.0,100.0,100.0,100.0
ndvi_maximo_bisemanal,8,3409.0,99.4571990706755,5.3511620166016245,0.0,100.0,100.0,100.0,100.0,100.0,100.0
ndvi_maximo_bisemanal,9,3409.0,99.54404948057854,4.525828199918322,0.0,100.0,100.0,100.0,100.0,100.0,100.0
ndvi_maximo_bisemanal,10,3409.0,97.63373387748062,13.945003071442732,0.0,99.16719859337181,100.0,100.0,100.0,100.0,100.0
ndvi_maximo_bisemanal,11,3409.0,98.64240834969007,9.585686260526149,0.0,100.0,100.0,100.0,100.0,100.0,100.0
ndvi_maximo_bisemanal,12,3409.0,97.5037226622406,14.117104667125322,0.0,98.04298553562676,100.0,100.0,100.0,100.0,100.0
ndvi_maximo_bisemanal,13,3409.0,94.88404988004493,19.172735497246876,0.0,56.90712162311052,100.0,100.0,100.0,100.0,100.0
ndvi_maximo_bisemanal,14,3409.0,97.19983789476626,14.803194782400292,0.0,96.73283205502213,100.0,100.0,100.0,100.0,100.0
ndvi_maximo_bisemanal,15,3409.0,97.01422428860631,15.537964963052637,0.0,96.83808465412557,100.0,100.0,100.0,100.0,100.0
ndvi_maximo_bisemanal,16,3409.0,98.02886584170989,11.636249400415954,0.0,99.06391966364018,100.0,100.0,100.0,100.0,100.0
ndvi_maximo_bisemanal,17,3409.0,97.41526884207927,14.385510814619542,0.0,98.60731122961589,100.0,100.0,100.0,100.0,100.0
ndvi_maximo_bisemanal,18,3409.0,96.27434831946238,17.130331385088112,0.0,88.11111343276009,100.0,100.0,100.0,100.0,100.0
ndvi_maximo_bisemanal,19,3409.0,99.31303719110905,6.1546941800255714,0.0,100.0,100.0,100.0,100.0,100.0,100.0
ndvi_maximo_bisemanal,20,3409.0,97.86960509450641,12.155684750343745,0.0,95.09139436560785,100.0,100.0,100.0,100.0,100.0
ndvi_maximo_bisemanal,21,3409.0,99.57721869740745,4.6607215906920825,4.18080629835754,100.0,100.0,100.0,100.0,100.0,100.0
ndvi_maximo_bisemanal,22,3409.0,99.8804393671496,1.9058399554897978,21.116622042751175,100.0,100.0,100.0,100.0,100.0,100.0
ndvi_maximo_bisemanal,23,3409.0,99.45354426099365,4.826540275215318,7.056904327799636,99.9964137711189,100.0,100.0,100.0,100.0,100.0
ndvi_maximo_bisemanal,24,3409.0,87.32653081236816,27.611497766323613,0.0,7.375147246914337,96.82939591852555,100.0,100.0,100.0,100.0
ndvi_maximo_bisemanal,25,3409.0,99.37652433444433,5.30516808145576,0.0,100.0,100.0,100.0,100.0,100.0,100.0
ndvi_maximo_bisemanal,26,3409.0,99.6077052599132,4.494307705890127,6.838432164333056,100.0,100.0,100.0,100.0,100.0,100.0
ndvi_media_bisemanal,1,3409.0,98.07890412047112,10.663251937399835,0.0,96.17941335315203,100.0,100.0,100.0,100.0,100.0
ndvi_media_bisemanal,2,3409.0,97.18291177907503,10.59926406468171,0.0,79.42770008417077,100.0,100.0,100.0,100.0,100.0
ndvi_media_bisemanal,3,3409.0,96.96488113742684,12.417400110691943,0.0,81.89228506662353,100.0,100.0,100.0,100.0,100.0
ndvi_media_bisemanal,4,3409.0,60.968296224178445,40.76594730254946,0.0,0.0,15.296216713989716,77.24979417787254,100.0,100.0,100.0
ndvi_media_bisemanal,5,3409.0,20.28010366588676,37.17577278565989,0.0,0.0,0.0,0.0,13.045159294772658,100.0,100.0
ndvi_media_bisemanal,6,3409.0,99.05132942990221,7.822148775497036,0.0,100.0,100.0,100.0,100.0,100.0,100.0
ndvi_media_bisemanal,7,3409.0,98.66011629023072,8.668413377543917,0.0,99.63575169259158,100.0,100.0,100.0,100.0,100.0
ndvi_media_bisemanal,8,3409.0,99.4571990706755,5.3511620166016245,0.0,100.0,100.0,100.0,100.0,100.0,100.0
ndvi_media_bisemanal,9,3409.0,99.54404948057854,4.525828199918322,0.0,100.0,100.0,100.0,100.0,100.0,100.0
ndvi_media_bisemanal,10,3409.0,97.63373387748062,13.945003071442732,0.0,99.16719859337181,100.0,100.0,100.0,100.0,100.0
ndvi_media_bisemanal,11,3409.0,98.64240834969007,9.585686260526149,0.0,100.0,100.0,100.0,100.0,100.0,100.0
ndvi_media_bisemanal,12,3409.0,97.5037226622406,14.117104667125322,0.0,98.04298553562676,100.0,100.0,100.0,100.0,100.0
ndvi_media_bisemanal,13,3409.0,94.88404988004493,19.172735497246876,0.0,56.90712162311052,100.0,100.0,100.0,100.0,100.0
ndvi_media_bisemanal,14,3409.0,97.19983789476626,14.803194782400292,0.0,96.73283205502213,100.0,100.0,100.0,100.0,100.0
ndvi_media_bisemanal,15,3409.0,97.01422428860631,15.537964963052637,0.0,96.83808465412557,100.0,100.0,100.0,100.0,100.0
ndvi_media_bisemanal,16,3409.0,98.02886584170989,11.636249400415954,0.0,99.06391966364018,100.0,100.0,100.0,100.0,100.0
ndvi_media_bisemanal,17,3409.0,97.41526884207927,14.385510814619542,0.0,98.60731122961589,100.0,100.0,100.0,100.0,100.0
ndvi_media_bisemanal,18,3409.0,96.27434831946238,17.130331385088112,0.0,88.11111343276009,100.0,100.0,100.0,100.0,100.0
ndvi_media_bisemanal,19,3409.0,99.31303719110905,6.1546941800255714,0.0,100.0,100.0,100.0,100.0,100.0,100.0
ndvi_media_bisemanal,20,3409.0,97.86960509450641,12.155684750343745,0.0,95.09139436560785,100.0,100.0,100.0,100.0,100.0
ndvi_media_bisemanal,21,3409.0,99.57721869740745,4.6607215906920825,4.18080629835754,100.0,100.0,100.0,100.0,100.0,100.0
ndvi_media_bisemanal,22,3409.0,99.8804393671496,1.9058399554897978,21.116622042751175,100.0,100.0,100.0,100.0,100.0,100.0
ndvi_media_bisemanal,23,3409.0,99.45354426099365,4.826540275215318,7.056904327799636,99.9964137711189,100.0,100.0,100.0,100.0,100.0
ndvi_media_bisemanal,24,3409.0,87.32653081236816,27.611497766323613,0.0,7.375147246914337,96.82939591852555,100.0,100.0,100.0,100.0
ndvi_media_bisemanal,25,3409.0,99.37652433444433,5.30516808145576,0.0,100.0,100.0,100.0,100.0,100.0,100.0
ndvi_media_bisemanal,26,3409.0,99.6077052599132,4.494307705890127,6.838432164333056,100.0,100.0,100.0,100.0,100.0,100.0
ndvi_minimo_bisemanal,1,3409.0,98.07890412047112,10.663251937399835,0.0,96.17941335315203,100.0,100.0,100.0,100.0,100.0
ndvi_minimo_bisemanal,2,3409.0,97.18291177907503,10.59926406468171,0.0,79.42770008417077,100.0,100.0,100.0,100.0,100.0
ndvi_minimo_bisemanal,3,3409.0,96.96488113742684,12.417400110691943,0.0,81.89228506662353,100.0,100.0,100.0,100.0,100.0
ndvi_minimo_bisemanal,4,3409.0,60.968296224178445,40.76594730254946,0.0,0.0,15.296216713989716,77.24979417787254,100.0,100.0,100.0
ndvi_minimo_bisemanal,5,3409.0,20.28010366588676,37.17577278565989,0.0,0.0,0.0,0.0,13.045159294772658,100.0,100.0
ndvi_minimo_bisemanal,6,3409.0,99.05132942990221,7.822148775497036,0.0,100.0,100.0,100.0,100.0,100.0,100.0
ndvi_minimo_bisemanal,7,3409.0,98.66011629023072,8.668413377543917,0.0,99.63575169259158,100.0,100.0,100.0,100.0,100.0
ndvi_minimo_bisemanal,8,3409.0,99.4571990706755,5.3511620166016245,0.0,100.0,100.0,100.0,100.0,100.0,100.0
ndvi_minimo_bisemanal,9,3409.0,99.54404948057854,4.525828199918322,0.0,100.0,100.0,100.0,100.0,100.0,100.0
ndvi_minimo_bisemanal,10,3409.0,97.63373387748062,13.945003071442732,0.0,99.16719859337181,100.0,100.0,100.0,100.0,100.0
ndvi_minimo_bisemanal,11,3409.0,98.64240834969007,9.585686260526149,0.0,100.0,100.0,100.0,100.0,100.0,100.0
ndvi_minimo_bisemanal,12,3409.0,97.5037226622406,14.117104667125322,0.0,98.04298553562676,100.0,100.0,100.0,100.0,100.0
ndvi_minimo_bisemanal,13,3409.0,94.88404988004493,19.172735497246876,0.0,56.90712162311052,100.0,100.0,100.0,100.0,100.0
ndvi_minimo_bisemanal,14,3409.0,97.19983789476626,14.803194782400292,0.0,96.73283205502213,100.0,100.0,100.0,100.0,100.0
ndvi_minimo_bisemanal,15,3409.0,97.01422428860631,15.537964963052637,0.0,96.83808465412557,100.0,100.0,100.0,100.0,100.0
ndvi_minimo_bisemanal,16,3409.0,98.02886584170989,11.636249400415954,0.0,99.06391966364018,100.0,100.0,100.0,100.0,100.0
ndvi_minimo_bisemanal,17,3409.0,97.41526884207927,14.385510814619542,0.0,98.60731122961589,100.0,100.0,100.0,100.0,100.0
ndvi_minimo_bisemanal,18,3409.0,96.27434831946238,17.130331385088112,0.0,88.11111343276009,100.0,100.0,100.0,100.0,100.0
ndvi_minimo_bisemanal,19,3409.0,99.31303719110905,6.1546941800255714,0.0,100.0,100.0,100.0,100.0,100.0,100.0
ndvi_minimo_bisemanal,20,3409.0,97.86960509450641,12.155684750343745,0.0,95.09139436560785,100.0,100.0,100.0,100.0,100.0
ndvi_minimo_bisemanal,21,3409.0,99.57721869740745,4.6607215906920825,4.18080629835754,100.0,100.0,100.0,100.0,100.0,100.0
ndvi_minimo_bisemanal,22,3409.0,99.8804393671496,1.9058399554897978,21.116622042751175,100.0,100.0,100.0,100.0,100.0,100.0
ndvi_minimo_bisemanal,23,3409.0,99.45354426099365,4.826540275215318,7.056904327799636,99.9964137711189,100.0,100.0,100.0,100.0,100.0
ndvi_minimo_bisemanal,24,3409.0,87.32653081236816,27.611497766323613,0.0,7.375147246914337,96.82939591852555,100.0,100.0,100.0,100.0
ndvi_minimo_bisemanal,25,3409.0,99.37652433444433,5.30516808145576,0.0,100.0,100.0,100.0,100.0,100.0,100.0
ndvi_minimo_bisemanal,26,3409.0,99.6077052599132,4.494307705890127,6.838432164333056,100.0,100.0,100.0,100.0,100.0,100.0
