estacion,altitud_m,precipitacion_anual_media_mm,zona_altitud
Alcérreca,3990,214.3,Altiplano (≥3500 m)
Arica Oficina,20,1.1,Litoral y valles (<1000 m)
Azapa,365,0.8,Litoral y valles (<1000 m)
Caquena,4400,419.4,Altiplano (≥3500 m)
Central Chapiquiña,3350,167.9,Marginal de altura (2000–3499 m)
Chilcaya,4270,299.6,Altiplano (≥3500 m)
Chucuyo Retén,4400,343.3,Altiplano (≥3500 m)
Chungará Ajata,4585,384.7,Altiplano (≥3500 m)
Chungará Retén,4570,325.2,Altiplano (≥3500 m)
Codpa,1870,13.5,Desierto interior (1000–1999 m)
Cotacotani,4550,396.4,Altiplano (≥3500 m)
El Buitre Aeródromo,110,0.8,Litoral y valles (<1000 m)
Esquiña,2170,41.7,Marginal de altura (2000–3499 m)
Guallatire,4240,289.6,Altiplano (≥3500 m)
Humapalca,3980,298.9,Altiplano (≥3500 m)
Parinacota ex ENDESA,4420,334.4,Altiplano (≥3500 m)
Putre,3545,202.1,Altiplano (≥3500 m)
Tignamar,3230,123.5,Marginal de altura (2000–3499 m)
Villa Industrial (Tacora),4080,308.2,Altiplano (≥3500 m)
Visviri,4080,302.4,Altiplano (≥3500 m)
